2182.2,2544.1,2985.3,3426.6,3905.4,4398.1,4882.7,5243.6,5604.4,5919.2,6162.9,6406.5,6601.7,6778.7,6951.6,7066.9,7182.2,7298.4,7416,7533.6,7703.3,7889.4,8079.1,8297.9,8516.7,8668.9,8743.7,8818.4,8800.9,8763.1,8736.5,8760.6,8784.7,8764.5,8707.3,8650.2,8576.8,8501.9,8422.6,8332.2,8241.7,8176.5,8124.4,8077.9,8165.4,8252.9,8356.6,8482.3,8608,8860.9,9143.3,9410.7,9619.2,9827.8,10255.6,10830.6,11405.6,12412.2,13419.8,14384.7,15285.7,16186.6,16424.2,16504,16602.1,16765.6,16929.1,17386.8,18014.1,18573.3,17930.8,17288.2,17157.9,17589,18020.2,18066.1,18071.5,18057.5,18005,17952.6,17905.9,17861,17769,17503.2,17237.3,17243,17390,17491.1,17207.5,16923.9,16901.4,17084.2,17274.3,17878.7,18483.1,18975.4,19346,19716.7,19958.4,20192.8,20545.4,21063.7,21582.1,21786.8,21953.5,22193.6,22557.8,22922,23140.7,23334.9,23568.5,23877.1,24185.7,24192.2,24140.3,24193.7,24454.8,24715.9,24700.4,24631.8,24626.3,24739.9,24853.4,24761.6,24635.8,24524,24435.2,24346.4,24427.4,24527.9,24700,24969.8,25239.6,25639.2,26045.1,26259.1,26273.1,26285.3,26241.6,26197.9,25918.8,25466.4,25030.6,24709.6,24388.6,24169.5,23997.9,23859.4,23824.1,23788.8,23937.1,24129.1,24283.9,24377.8,24471.6,24583.1,24695.4,24701.7,24615.5,24527.5,24426.6,24325.7,24346.6,24417.1,24500.4,24612.3,24724.2,24931.8,25149.3,25352.4,25541.8,25694.3,25585,25475.6,25643.2,25908,26167,26415.9,26664.8,27295.4,27930.3,28352.9,28645.6,28956.1,29317.8,29679.4,29889.2,30082.3,30149.9,30114.7,30151.9,30474,30796.1,31032.6,31255.4,31410,31503,31618.4,31825.5,32032.6,32030.9,31998.4,32185.2,32550.2,32860.2,32994.2,33128.1,33140.9,33144.6,33060.9,32925.4,32818.7,32770.5,32723.1,32693.7,32664.3,32431.9,32132.6,31884.5,31693.7,31530.2,31477.4,31424.6,31522,31631,31653.4,31632.2,31630,31655.7,31736.6,32118.1,32499.5,32390.2,32231.9,32099.6,31980.2,31965.8,32088.4,32135.1,31888,31640.9,31191,30737.5,30520.4,30376.1,30049,29574.4,29185.9,28958.5,28754.8,28686.9,28619,28832.1,29058.6,29284.1,29509.4,29888.9,30378,30721.2,30853.5,31022.5,31308.9,31582.3,31695.3,31808.4,31439.8,31027.4,30844.3,30731.8,30507,30212.8,29997.8,29869.2,29716.2,29517,29353.7,29320.1,29273.6,29103.3,28933,28871.3,28811.9,28650.6,28473.9,28419.7,28403,28395.5,28392.5,28377.3,28353.3,28371.9,28434.6,28535.4,28690.2,28755,28645,28537.9,28438.6,28324.9,28158.1,27982.2,27758.2,27534,27308.3,27072,26694.4,26319,26005.5,25691.8,25341.3,24990.8,24895.6,24805.4,24717.3,24629.3,24676,24729.3,24733.8,24735.6,25006.3,25290.8,25207.1,25108,25247.5,25393.3,25329.6,25262.4,25084.1,24901.8,24650.6,24419.1,24372.6,24306.5,24122.3,23955.1,23857.5,23732.8,23528.8,23414.1,23489.8,23459.4,23263.7,23086.8,22931.2,22825.6,22760.6,22708.8,22664.5,22559,22432,22398,22381.1,22515.2,22684.9,23227.5,23751.9,24200.5,24718.4,25381.9,25926.4,26329.9,27020.5,27902.8,28529.3,29069.4,29664.9,30268,30894.3,31461.4,31831.5,31956.1,31719,31421.4,31080.7,30478.1,29797.7,29151.9,28537.7,28079.1,27708.4,27487.7,27329.8,27217.3,27031.4,26857.2,27895.9,28750.8,29069.7,29490.5,30016.2,30680.9,31395.4,32191.9,33001.9,33850.6,34661,35434.3,35793.1,36056.7,36765,37447.5,38078.4,38574.5,38988.9,39110.1,39172.8,39120.7,39395.6,39966.3,40160.9,40256.9,40214.3,40055.8,39774,38772.4,37604.8,36411.7,34846.7,32910.8,31071,29313,27800.5,27117.4,27053.6,27412.7,28109.5,29474.2,30792.4,32139.3,33982.9,35473.5,36587,37244.8,37942.5,38883.3,39438.6,39810.3,40031.5,39938.8,39586.9,39865,40058.5,40114.2,39949.5,39698.1,39333.6,39008.8,38569.7,37693.3,36951.9,36378.9,36353.5,36225.5,36070.9,36119,35617.6,34862.1,34735.1,34455.2,34138.2,34209.4,34267.1,34253.5,33909.9,33765.1,33656.4,33354.4,33114.3,32803.4,32279.8,31661.8,30868.4,29839.2,28775.8,27712.8,26656.2,25643.2,25143.5,24975.7,25052.4,24913,25157.7,25925.8,26084.2,26576,27130.3,27305,27878.3,28251.8,28497.5,30012.3,30309.2,30187.1,30109.1,31581.6,31880.4,31790.1,32169.2,33562.8,33363.3,32698.5,33205.6,32780.7,32368.8,32116.9,32138.3,31385.6,30494.2,29580.9,28762.2,28295.8
754.3,912,1208,1504,1812.7,2126,2434.4,2665.3,2896.1,3101.9,3269.2,3436.4,3595.6,3751.8,3904.6,4012,4119.3,4221.9,4317.8,4413.6,4512.8,4613.1,4713.3,4813.7,4914.1,4984.9,5021.5,5058.1,5069.7,5075.9,5058.9,4936.9,4814.9,4728.2,4670.9,4613.6,4582.5,4553.8,4526.6,4503.1,4479.6,4421.6,4345.8,4273.4,4280.9,4288.3,4337.7,4443.9,4550.1,4703.9,4868.7,5028.9,5170.7,5312.5,5502.7,5725.3,5947.9,6465.2,6983.2,7521,8088.3,8655.7,8928.2,9130.5,9288.1,9286.1,9284.1,9629.1,10174,10670.5,10312.8,9955.2,9907,10198.2,10489.3,10561,10609.6,10662.4,10723.2,10784.1,10849,10915.2,10939.2,10807.5,10675.8,10646.4,10670.4,10677.5,10543.7,10409.9,10434.9,10584.7,10738.1,11097,11456,11703.8,11830.7,11957.7,12174.8,12397.2,12644.5,12926.9,13209.3,13339.5,13451.1,13585.4,13757.8,13930.3,14096.4,14261.4,14458.6,14717,14975.3,15114,15229.7,15313.2,15333.3,15353.5,15387.2,15423.5,15496.6,15639.1,15781.6,15724.6,15634.7,15511.1,15331.4,15151.7,15247.2,15374.5,15499.2,15620.3,15741.4,15881.9,16023.2,16090,16079,16073.3,16238,16402.6,16331.9,16088,15862,15758.6,15655.2,15560.2,15469.1,15417,15486.8,15556.6,15669.1,15791.8,15917.6,16048.8,16179.9,16224.4,16264.7,16275.4,16260.2,16249.4,16270.2,16290.9,16287.1,16273.2,16279.4,16331.1,16382.9,16568,16766.8,16858.4,16848,16837,16821.1,16805.3,16823.4,16853.4,16896.5,16962.8,17029,17217,17406.4,17523.4,17596.1,17715.4,17968.1,18220.8,18355.8,18478,18613.8,18760.8,18903.2,19027.2,19151.3,19166.7,19164.7,19286.6,19520.1,19717.6,19767,19816.5,19710.9,19582.5,19589.8,19707.4,19822.9,19932,20041,20142.5,20243.4,20299.8,20329.9,20378.3,20464,20544,20481.3,20418.5,20309.2,20184.6,20110.4,20092.3,20072.4,20045,20017.5,19934.1,19846.3,19933.7,20109.4,20187.6,20124.1,20089.7,20213.3,20336.9,20292.8,20231.9,20335.1,20519.5,20667.8,20769,20817.1,20659.7,20502.4,20398.1,20294.8,20166.9,20031.4,19844.6,19616.3,19420.4,19285.4,19159.8,19088.2,19016.7,18910.2,18802.2,18952.6,19181.7,19372.9,19537.2,19706.7,19883.9,20022.7,20039.5,20076.3,20361,20645.7,20524.8,20367,20297.7,20255.8,20242.3,20246.4,20097.8,19782.6,19535.6,19418.2,19364,19538.1,19688.5,19611.8,19535.1,19280.4,19021.8,19166.7,19372.4,19215.2,18947,18821.5,18766.9,18792.5,18876.9,18847.6,18700.7,18582.6,18505.4,18565.9,18893.6,19112.8,19043.7,18942.8,18724.5,18556.7,18656.4,18724.8,18540.7,18356.6,18172.1,17990.6,17895.5,17800.6,17753.4,17706.1,17539.9,17371.3,17214.4,17057.9,17166.9,17288.8,17323.4,17353.3,17507.4,17667.8,17604.9,17532.7,17597.5,17665.9,17686.8,17705.9,17656.8,17611.6,17630.8,17641.7,17574.9,17490,17295,17127.5,17073,17030.6,17024,17027.5,17053,17047.5,16993.5,16957.9,16943.3,16769.4,16466.8,16267.6,16125.5,15949,15760.4,15775.6,15828.4,15789.6,15770.2,16063.7,16337.2,16526.6,16691.4,16804.1,17006.3,17314.7,17533.2,17691.8,17953.9,18251.1,18465.1,18690.8,19223,19623.5,19584.4,19508.5,19378.6,19366.7,19438.5,19052.2,18529.7,18004.4,17506.6,17150.8,16816.1,16517.3,16173.4,15797.1,15786.9,15874.1,16180.6,16471.9,16718.8,16917,17065,17314.2,17599.5,18219.6,18861.5,19557.4,20075.2,20419.7,20924.9,21480.7,22115.2,22471.1,22271.2,22402,22733.6,23170.6,23594.8,23938.7,24040.6,23923.6,23864.7,23799.2,23639.7,23584.9,23641.6,23476,23153.9,22253,21212.8,20033.5,18861.3,17788.8,17088.6,16485.4,15954.7,15700.1,15841.8,16795.4,17824.5,18890.1,20000.2,20934.2,21680,22381.3,22984.4,23362.2,23369.4,23279.1,23608.7,23729.6,23678.1,23659.7,23490.7,23109.2,23234.6,23400.2,23469.9,23117,22742.3,22743.9,22380.8,21936.3,21901.3,21817.9,21666.9,21241.4,20907.8,20685.4,20878.5,20870.5,20721.4,20453,20292.9,20289.1,20782.3,20572.9,20191.6,20336.8,20172.9,19935.8,19760.7,19425.6,18821.8,17860.6,17401.9,16816.4,16155.9,16017.3,15612.8,15269.7,15476.2,15192.3,14974.1,14977.6,15536.2,16061.5,16379.7,16128.2,16396.4,16428.7,16218.2,16816.8,16925.9,16956.8,17152.2,17711.9,18179.3,18533.3,18741.7,19379.6,19364.6,19080.3,19089.3,19452.8,19185.6,18924.4,19410.7,19202.3,18746.9,18215.8,17781.6,17828.5
1489.2,1711.4,1972.9,2234.3,2563.2,2917,3266.2,3545,3823.9,4100,4372,4643.9,4826.8,4976.6,5120.7,5187,5253.2,5326.3,5409.3,5492.3,5559.6,5622,5688.3,5787.1,5885.9,5934.9,5925.8,5916.8,5871.2,5817.5,5763.4,5707.1,5650.8,5576.4,5487,5397.6,5344.5,5294.8,5261.6,5269.6,5277.6,5165.8,4992.7,4829.3,4893.2,4957.2,5035.7,5134,5232.3,5350,5472.4,5607.4,5792.5,5977.5,6249.1,6578.8,6908.4,7523.5,8139.2,8777.5,9449.3,10121.1,10339.1,10449.1,10517.3,10436.9,10356.4,10703.5,11297.2,11831.5,11318,10804.5,10652.2,10895.8,11139.5,11140.4,11115.8,11155.1,11320.3,11485.4,11556.8,11600.6,11595,11407.3,11219.6,11192.2,11248.2,11277.1,11078.1,10879.1,10843.9,10937.5,11035.4,11383.7,11731.9,12049.3,12333.2,12617.2,12746.9,12867.8,13101.6,13493.4,13885.3,14037.6,14160.9,14339.8,14612.9,14886.1,14986.1,15057,15184.2,15418.7,15653.1,15784.3,15895.6,15976.7,15998.1,16019.4,16028.4,16034.9,16116,16337.6,16559.3,16373.6,16120.8,15971.7,15995.6,16019.4,16031.5,16042.1,16150,16390.7,16631.4,16886.7,17142.7,17330.6,17447.6,17560.6,17546.3,17531.9,17423.8,17246.6,17062.8,16833.4,16603.9,16490.8,16431.8,16401.9,16463.1,16524.2,16511.8,16481.9,16562.1,16823.5,17084.8,17149.5,17204.7,17187.7,17107.9,17029.1,16957.1,16885.1,16854.3,16840.2,16845.5,16895.1,16944.8,17099.9,17265.9,17334.4,17310.2,17280.9,17215.7,17150.5,17153.2,17179.8,17260.9,17438.1,17615.4,17777.1,17938.6,18034.4,18090,18176.4,18350.9,18525.4,18639.4,18746.8,18829.4,18891.8,18948.9,18984.8,19020.8,19050,19078.2,19146.9,19252.1,19360.9,19484.3,19607.6,19780.7,19961.1,20009.9,19951.9,19921.6,19980,20038.4,20153.5,20272.8,20352.5,20408.8,20451.4,20466.1,20471.5,20244.3,20017.2,19931.9,19893.2,19846.7,19791.2,19758.2,19816.2,19874.2,19924.9,19975.1,19989.2,19985,20072.5,20293.5,20490.5,20557.5,20624.4,20613.3,20594.5,20555.1,20505.7,20554.1,20730.3,20851,20757.2,20663.3,20528,20391.9,20210.7,20015.6,19842.2,19686.3,19557,19477.7,19407.9,19392.3,19376.6,19481.9,19593,19787.5,20007.5,20238.2,20476.5,20651.6,20735.2,20853.8,21083.8,21294.7,21268.5,21242.2,21110.5,20969.1,20846.2,20729,20472.7,20130.6,19876.7,19719.1,19572.5,19446.7,19388.5,19574.7,19725.3,19536.3,19347.2,19192.3,19038.1,18901.3,18767.2,18714.1,18685.8,18708.7,18757,18810,18866.4,18857.8,18782,18774.5,18864.1,18901.7,18838.5,18810.1,18874.5,18896.1,18759.2,18656.6,18735.4,18777.7,18526.3,18271.3,17968.6,17675.6,17660.3,17644.3,17448.8,17253.3,17079,16905.1,16911.1,16923.8,16917.3,16909.8,17136,17374.7,17343.9,17299.3,17365.8,17436.9,17470.5,17503.1,17490.4,17474.9,17349.4,17221.3,17048.8,16898.2,16953.1,16980,16838.2,16724,16723.9,16701.5,16613.8,16547.7,16527.6,16534.1,16582.1,16493.6,16250.4,16028.8,15824.7,15695.9,15608.7,15522.7,15437,15401.9,15376,15333.7,15295.1,15316.8,15374.7,15583.7,15774.3,15926,16074.1,16218.1,16405.3,16621.3,16887.9,17171.7,17123.7,17060.6,17307.5,17550.4,17779.5,17838.6,17647.1,17252.1,16712.4,16465.8,16306.3,15693.8,15091.3,14627.7,14235.8,13966.6,13879.7,13924.3,14027.1,14144,14236.2,14378.6,14667.2,15034.5,15482.9,15631.7,15673.6,16341.7,16926.3,17226.3,17417.3,17502.2,17876.6,18321.9,18535.5,18779.5,19084.1,19208,19222.3,19559.9,19887.2,20072.1,20099.8,19985,19919.5,19932.5,20311.7,20423.1,20249.4,19481.1,18655.4,18241.4,17326.8,15912.6,15249.2,14730.5,14263.8,14030.1,13970.2,14163.5,14504.9,15130.1,16119.3,17237.9,18086.7,18769.1,19273.4,19540.4,19771.3,19990.1,20182.9,20383,20713.1,20893.3,20949.7,20860.4,20929.7,21226,20449.5,19935.4,20405,20183.2,19775.6,19465.8,19082.6,18737.4,18749.4,18459.4,18086.6,18282.7,18341.9,18278.1,17919.5,17704.2,17574.5,17427.3,17248.6,17168.4,17690.4,17481.7,17056.2,17043,17318.8,17347.6,16578.6,15875,15318.1,14962.4,15013.4,14452.6,13402.5,13036.9,13015.5,13189.5,13448.8,13579.3,13468.6,13101.4,13372.7,13818.7,14327.3,14727.4,14783.7,15021.1,15419.4,15062.5,15445.5,15951.4,16224,16450.1,16806.9,17252.5,17745.9,18081.4,17528.9,16910.1,17370.5,16978.5,16819.8,16567.8,15818.7,15089.8,14801.8,14670.4,14460.6,13963.5
3041.7,3698,4538.4,5378.7,6371.2,7419.6,8460.1,9378.1,10296.1,11187.2,12036.7,12886.2,13333.6,13631.6,13930.3,14238.5,14546.7,14818.5,15038.5,15258.6,15500.4,15749.2,16002.5,16292.3,16582.2,16829.2,17026.3,17223.4,17099.1,16904,16671.4,16268.2,15865,15605.2,15465.1,15324.9,15166,15005.3,14793.2,14452.4,14111.6,13870.1,13679.5,13496.7,13497.6,13498.4,13588.6,13799.7,14010.9,14210.2,14406.8,14648.1,15064.8,15481.6,16126,16923.1,17720.2,19221.5,20724.6,22188.4,23593.3,24998.2,25793.4,26443.6,26976.9,27093.3,27209.8,28044.2,29292.5,30421.2,29440.2,28459.2,28333,29143.7,29954.3,29917,29790.5,29751.9,29886.7,30021.4,30213.9,30423.4,30480.7,29976.2,29471.7,29463.2,29712.9,29857.9,29124.7,28391.6,28231.6,28522.4,28825.2,29809,30792.7,31524.5,31982.7,32440.9,32944.7,33451,34014.9,34659.2,35303.6,35533.1,35712.4,36049.9,36655.2,37260.5,37764.5,38251.3,38671.8,38965.9,39260.1,39274.4,39234.8,39305.8,39595,39884.3,39974.5,40026.5,40166.7,40473.5,40780.2,40464.9,40047.1,39800.6,39839.5,39878.3,39935.2,39994.1,40185,40556.2,40927.4,41119.7,41303.4,41492.8,41688.4,41887.6,42198.8,42510,42296.6,41697.2,41135.1,40829.4,40523.7,40164.8,39781.2,39534.8,39716.9,39899,39931.3,39928.1,40108.5,40591,41073.6,41112.9,41130.6,41060.3,40913.1,40772.3,40679,40585.7,40481.4,40372.7,40292.4,40276.4,40260.5,40570.4,40913.9,41016.4,40889.5,40734.7,40381.8,40028.9,39931.2,39923.1,39889.9,39812.4,39735,40130.7,40531.9,40743.9,40840.2,40954.5,41120.1,41285.8,41498.3,41716,41830.9,41861.4,41907.5,42015.1,42122.8,42348.9,42593.9,42583,42341.3,42197.4,42454.9,42712.5,42482,42179.2,42115.5,42245.8,42346.6,42352.4,42358.3,42482.1,42614.9,42736.9,42852.5,42886.3,42754.1,42620.2,42446.1,42271.9,41940.6,41557.5,41380.1,41432.6,41412.4,41096.3,40780.3,40827.6,40902.9,40921,40910.2,40922.3,40967.8,41042.7,41277.6,41512.5,41291.9,41025.9,40988.8,41065.2,41116.3,41134.5,41196.6,41429,41661.4,41558.6,41449.8,41153.2,40798.9,40254.8,39557.6,38964.4,38565.8,38175.7,37834.4,37493,37123.1,36751.8,36662.4,36658.9,36845.8,37167.8,37430.1,37605.8,37753.4,37811.4,37877.5,38046.2,38214.8,37868.6,37475.5,37208.5,36980.5,36828.6,36723.8,36555.7,36318.5,36102.8,35927.9,35797.4,35827.6,35835.5,35630.1,35424.6,35193.8,34962.4,34799.9,34647.6,34465.9,34275.2,34216.7,34223.7,34061.2,33774.4,33553.7,33401.1,33390.3,33581.1,33647,33470.5,33404.2,33630.9,33767,33568.8,33364.5,33128.2,32888.3,32620.1,32349.8,32050.9,31748.6,31349.4,30950.7,30676.5,30402.3,30198.4,29995.8,29917,29842.9,29719.3,29593.4,29964.4,30362,30134.1,29874.3,30003.1,30148.1,30282.5,30416.6,30502.8,30584.1,30464.4,30340,30136.8,29925.2,29633.7,29375,29313.5,29283.7,29384.5,29454.7,29434.8,29366,29193.2,29119.3,29199.7,28990.5,28453.1,27935.5,27433.7,27084.8,26820.5,26461.5,26069.4,25603.7,25124.4,25165.4,25248.1,25551.3,25772,25647.8,25626.1,25820,26025.3,26244.1,26345.7,26369,26543.9,26770.1,26820.5,26846.6,26795.4,26795.7,26968.5,27073.2,27077.5,26774,26251.6,25558.9,24815.6,23976.8,23142.9,22352.3,21728.5,21390.1,20950.6,20438.3,20403.7,20490.7,20647.5,20809.7,20987.7,21133.9,21247.5,21597.8,22032.6,22875.6,23601,23945,24352,24820.1,25522.8,26271.3,26619.1,26961.5,27293.2,27471.2,27555.8,28060.2,28573,28979.1,29146.9,29099.1,29319.1,29478.7,29044,28802.9,28767.9,28352.9,27746.2,26561.6,25320.4,24022.8,22648.6,21360.7,20449.5,19653.7,18944,19298.1,19743.4,20244.5,21634.7,23330.1,24258.1,25203.1,26166.3,27143.8,27960.5,28380.4,28578.2,28713.1,29067.7,29408,29736.5,29439.5,29284.6,29348.4,29185,28951.9,28645.7,28201.1,27833.2,27878.5,27195.3,26380,26537.8,26631.1,26653.2,26434.9,25964.8,25413.6,25417.5,25216.8,24953.1,25120.4,25070.8,24960.7,25164.8,25160.6,24941.8,24294.8,24044.4,23961.3,23970.7,23164.9,22181.9,21153.2,20798.5,20308.9,19707.6,19413.2,18651.8,17960.7,18125.8,18186.6,18275.1,18414.5,18295.9,19041.9,19871.6,19480,19522.6,19934.1,20623.4,20956.6,20742.1,20798.9,21631.9,22338.6,22678.3,22917.9,23351.8,23404.5,23352.7,23643.8,24880.6,23818,23885,24034.8,22974.5,23125.3,23188.1,22711.8,21618.4,21865.4
3031.8,3695.2,4502,5308.8,6200.4,7123.2,8054,9109.1,10164.3,11091.9,11822.7,12553.5,12948.3,13218.5,13482.8,13668.3,13853.7,14076,14350.9,14625.7,15012,15433.7,15844.3,16164.1,16483.8,16697.9,16789,16880.1,16745.7,16561.6,16322.6,15833.4,15344.3,15084.6,15016.5,14948.4,14729.3,14495.7,14280.6,14111.6,13942.5,13793.7,13655.3,13519,13435,13350.9,13400.6,13631.6,13862.6,14060.4,14250.5,14482.7,14880.3,15278,15887.5,16639.4,17391.2,18766.9,20144.1,21574.8,23085.5,24596.2,25343.1,25908.2,26359.6,26405.6,26451.5,27282.2,28565.3,29727,28748.4,27769.8,27651.6,28476.3,29301.1,29328.2,29271.3,29277.1,29406,29534.9,29566.1,29568.5,29475,29027.4,28579.8,28633.3,28947.5,29167.2,28593.1,28018.9,27923.3,28204,28495.6,29399.3,30303,31025.9,31552.2,32078.5,32390.4,32689.9,33233.3,34118.6,35003.8,35103,35106.8,35359.4,36032.6,36705.8,37091.6,37429,37788,38188.2,38588.4,38658.5,38664.8,38762.5,39040.8,39319,39414.3,39474.5,39557.7,39684.5,39811.3,39580.7,39291.3,39090.3,39036.7,38983.2,39210,39469.1,39712.8,39935.5,40158.2,40548.6,40947,41223,41371.5,41514.6,41489.1,41463.6,41243.7,40880.8,40532.7,40286.9,40041.1,39638.3,39162.3,38829,38941.2,39053.4,39199.3,39353.2,39632.6,40118.5,40604.4,40706.2,40789.2,40657.7,40338.8,40056.7,40046.5,40036.2,39737.1,39319.9,39093.8,39301.7,39509.7,39741.2,39975.1,40082.8,40070.2,40017.8,39682.1,39346.5,39208.7,39140.5,39105.2,39128.3,39151.3,39373.5,39598.1,39822.1,40045.7,40265.6,40474.8,40684,40887.1,41089.6,41172.2,41156.6,41158.7,41230.7,41302.8,41449.7,41608.6,41723.8,41799.5,41888.3,42030.5,42172.7,41931.3,41633.1,41471,41419.4,41379.3,41376.3,41373.3,41551.8,41744,41777.8,41717.4,41631.4,41493.3,41361.4,41388,41414.5,41262.8,41052.6,40807.6,40523.8,40257.8,40063.9,39870.1,40002.7,40160.6,40095.6,39918.3,39922.9,40192.1,40412.6,40368.9,40325.2,40226.6,40122.4,40224.4,40428.4,40553.8,40576.7,40595.7,40599.7,40603.7,40321.2,40033.5,39674.4,39293.3,38951.5,38641.4,38282.2,37831,37374.8,36890.3,36405.7,36209.5,36027,36013.9,36052.5,36163.7,36326.5,36371.1,36244.5,36235.2,36600.1,36935.6,36907.6,36879.5,36820.6,36758.8,36526.7,36242,35991,35760.7,35558.2,35386,35180.9,34913.4,34692.8,34642.1,34574.7,34348.3,34121.8,34224.8,34334.7,34048.5,33702.7,33501.9,33345.5,33211.9,33089.6,32915.4,32703.1,32632.3,32707.5,32707.9,32602,32596,32784.2,32881.1,32735.7,32633.9,32693.3,32702,32442.3,32184,31937.6,31674.7,31190.4,30710.1,30347.3,29985.4,29866.6,29747.8,29360.6,28968.1,28845.3,28732.5,28762.4,28799.3,28964.7,29136.9,29071,28993,29125.2,29266.2,29319.7,29370.9,29510.4,29647.8,29677,29687.2,29380.4,29100.2,29071.1,29009.5,28751.7,28526,28432.8,28367.5,28384.7,28398.8,28406,28311.5,28058.6,27825,27613.2,27252,26770.3,26357.1,25981.7,25640.9,25312.3,24804.4,24263.6,24296.3,24360.4,24476.3,24593.4,24715.1,24781.8,24732.4,24746.3,24835.2,24977.3,25155,25377.4,25615.1,25799.4,25966.9,25970,26030.1,26280.3,26354.8,26170.5,25818.8,25348.1,24705.4,24011.5,23160.5,22322.2,21579.9,20932.7,20448.4,19980.1,19523.2,19445.9,19471.4,19795.1,20027.3,19992.5,20086.1,20311.9,20714,21179,21753.9,22348.8,23001.1,23587.3,24109.2,24578.4,25026.3,25363.5,25796.5,26420.8,26681.3,26720.8,27111.4,27490.3,27713.2,27937.9,28164.4,28156.6,28080.6,27881.5,27627.5,27315.3,26789,26169.6,25304.9,24352.3,23312,21971.8,20677.1,19751.9,19017.8,18426.3,18346.1,18648.1,19701.4,20960.1,22300,23572,24667.8,25575.5,26445.1,27058.1,27057.4,27239.7,27468,27474.1,27692.3,28086,27655.9,27522.4,27830.6,27644.5,27410.1,27249.1,26840,26374.4,25979.3,25820.3,25691.4,25183,25171.3,25359.5,25044.5,24944,24911.3,24397.1,23917.3,23587.2,24136.4,24042.4,23689.6,23857.8,23979,24032.9,23923,23319.3,22754,22652.1,21905.8,21193.8,20705.2,20196.9,19566.8,18848.6,18319.4,17897,17618.2,17606.4,17476,17239.4,16939.3,17865,18294.5,18320.4,17972.7,19288.1,19736.7,19196.5,20485.1,20468.2,20372.6,20912.7,21059.8,21358.6,21928.5,22924.3,22158.9,22032.5,22390.9,22926.4,22689.8,22545.3,22369.3,21994.9,22005.6,21193.8,20809.8,21516.4,21374.7
2908.3,3557.8,4386.7,5215.6,6088.2,6977,7873.4,8888.9,9904.4,10761.5,11374.4,11987.2,12464.7,12891.9,13297.5,13411.9,13526.3,13645.2,13770.6,13896,14271.5,14726.6,15155.4,15367.8,15580.2,15777.4,15956.8,16136.1,15973.6,15735.7,15477.6,15127.6,14777.6,14554.7,14437.9,14321,14090,13848.1,13635.4,13496.1,13356.8,13196.2,13024.7,12855.6,12744.4,12633.1,12696.9,12997.9,13298.9,13553.3,13796.9,14037.2,14264.1,14491.1,15006.7,15716.1,16425.5,17768.7,19113.6,20507.7,21975.6,23443.5,24128.5,24627.2,25045.4,25176.6,25307.8,26054.2,27155.1,28144.7,27169.4,26194.1,26103.9,26983.6,27863.4,27871.5,27788,27778.2,27913.8,28049.4,28161,28265.5,28276.4,27941.9,27607.4,27680.2,27965.1,28146.9,27464.4,26781.8,26608.5,26835.8,27076.9,28104,29131,29884.7,30341.4,30798.1,31211.6,31622.6,32096.2,32657.5,33218.8,33450.9,33643,33994.1,34613.9,35233.6,35507,35722.1,36039.9,36552.9,37065.9,37028.3,36884.4,36842.3,37001,37159.7,37314.8,37469.2,37661.2,37924.1,38187,37904.1,37531.2,37326,37400.3,37474.6,37613.5,37759.8,37971.1,38271.2,38571.3,38742.7,38908,39096.4,39308.8,39519.4,39669.3,39819.3,39638.3,39213.8,38806.7,38519.3,38231.8,37838.7,37396.4,37082.8,37171.4,37260,37449,37661.8,37939.1,38322.1,38705.2,38794.2,38868.9,38888.5,38860.1,38794.6,38455,38115.5,37942.4,37837.2,37801.8,37925.1,38048.3,38364.9,38701.5,38722.6,38443.7,38142.4,37682.4,37222.4,37257.2,37465.9,37588.7,37560.1,37531.5,37961.8,38397.5,38602.9,38667.7,38762.8,38944.8,39126.9,39242,39349.8,39420.6,39461.1,39506.7,39573,39639.4,39783.4,39940,40030.3,40061,40100,40173.3,40246.6,40124.3,39973.1,39859.5,39776.5,39728.1,39790.1,39852.1,40153.5,40473,40507.7,40373.1,40252.5,40160.6,40064.8,39868.6,39672.5,39639.5,39660.1,39477.3,39066.8,38703.1,38529.8,38356.5,38424.1,38510.2,38614.1,38727,38818.7,38879.5,38947.9,39057.4,39166.9,39111.5,39039.7,39042.8,39083,39123.6,39164.7,39212.8,39288,39363.3,39171.8,38975.5,38582.2,38128.4,37675.4,37223.1,36758.9,36272.3,35795.5,35374.9,34954.4,34871.5,34804.8,34816.3,34851.6,34855.1,34836.1,34919.7,35151.9,35368.3,35534.3,35674.3,35491.1,35308,35134,34960.7,34782.6,34603,34482,34397.1,34260.3,34067.1,33827.4,33499.3,33229.8,33171.9,33124.4,33175.1,33225.9,33015.1,32798.7,32416.3,32008.9,31956.7,32013,32043.6,32061.4,31966.7,31789.6,31534.4,31198.6,31101.9,31345.1,31487.1,31433,31425.2,31540.7,31596.5,31432,31260.8,31054.2,30818.7,30351.5,29900.2,29665.1,29435.1,29354,29272.1,28991.4,28710.6,28470.8,28231.8,27995.9,27760.2,27861.9,27980.1,28035.5,28087.7,28211.1,28338.2,28369,28395.7,28369.6,28342.2,28572,28790.9,28489.7,28202.2,28144.4,28093.5,28107.8,28101.4,27970.3,27821.9,27602.8,27404.4,27266.6,27116.4,26939.5,26833.8,26839,26748.1,26548.3,26091.9,25428.2,25036.3,24794.7,24732.4,24732.8,24179.8,23525,23678.5,23858.4,23877.7,23905.3,23967.4,24080.7,24301.5,24427.4,24440.9,24499.6,24588.7,24787.3,25022.8,25075.3,25134.1,25581.2,25908.4,25835.3,25706.8,25496.7,25191.6,24818.8,24114.4,23311.4,22637,21935.1,21067.3,20324.7,19796.1,19339.5,18934.7,18913.8,18995.5,19333.6,19620.9,19760.2,20056.6,20514.6,20905.1,21271.5,21391.5,21696.2,22583.7,23222.3,23618.6,24066.6,24523.1,24860.5,25270.6,25825.7,26039,26044.6,26465.3,26906.7,27287.2,27553.3,27715.7,27605.7,27489.9,27621.9,27522.1,27175.7,26519.8,25762.2,24828.7,23708.3,22401.3,21224.2,20128.6,19255.9,18599,18103.2,17947.2,18217.3,19355.4,20741.1,22158.6,22816.6,23756.2,24996.7,25929,26624.5,26841.1,27233.1,27625.8,27494.6,27252.6,26919.3,27227.4,27330.8,27126.9,27020.6,26921.8,26803.6,26380.7,25891.7,25500,25227.5,25061.8,25167.7,24709.4,24066.6,24283.4,24211.2,23977.9,23867.2,23757.4,23671.7,23747.7,23702.1,23556,23240.8,23583,23980.3,23508,22918.2,22365.4,21988.6,21744,21212.4,20218,20247.6,19637.7,18459,17665.2,17454.1,17491.1,17431.6,17085.4,17179.9,17874,17576.3,17600.3,17902.1,18495.5,18548.4,18777.3,19276.2,19693.2,19818.3,19915.3,20143.6,20718.4,21591.8,22135.2,21613.5,22559.9,22132.8,21388.1,21879.9,21884,22200.2,22209.4,21218.5,21982.9,21614.4,21209.9,21364.7,20417.6
3013.6,3640,4385,5130,5995,6903.9,7814.2,8745,9675.7,10547.8,11329.3,12110.9,12611,13006.8,13391.5,13627.3,13863,14050.4,14168.5,14286.7,14509.1,14764.7,15034,15415.6,15797.3,16059.6,16182.9,16306.3,16211.2,16068,15887.9,15540.8,15193.6,14955,14807.1,14659.1,14426.1,14185,13947.8,13720.6,13493.4,13309.7,13148.3,12989.7,12899.6,12809.4,12874.7,13150.9,13427.1,13582.9,13710.8,13914.1,14412.8,14911.5,15542.4,16262.1,16981.9,18281.5,19582.5,20969.5,22485,24000.6,24617.3,25020.2,25377.7,25573,25768.4,26529.9,27617.9,28604.6,27804.1,27003.7,26908.4,27586,28263.6,28402,28483.8,28536,28530.1,28524.2,28677.6,28877.8,28944.6,28518.6,28092.5,28018.7,28128.3,28155.3,27490,26824.8,26756,27156.4,27563.7,28359,29154.3,29933,30693.6,31454.3,31801.2,32124.3,32493.9,32928.6,33363.2,33748,34126.7,34639.6,35379.6,36119.6,36373.3,36545.2,36783.9,37149.9,37515.8,37469.9,37344.6,37305.9,37438.6,37571.3,37832,38117.3,38361.2,38527.2,38693.2,38520.2,38291.2,38127.6,38072.9,38018.3,37954.1,37888.8,38027.5,38444.6,38861.7,39257.2,39651.7,39899.8,39995.4,40092.2,40226.6,40360.9,40073.8,39476.7,38932.9,38756.6,38580.4,38239.5,37821.9,37570,37835.5,38101,38259,38391.4,38572.6,38834.2,39095.8,39211.2,39319.5,39243.4,39006.2,38803.4,38853.5,38903.6,38750.3,38513.9,38385.8,38503.5,38621.3,38821.5,39030.3,39002,38748.3,38496.1,38255.5,38014.9,37976.9,38010.1,38009.4,37949.1,37888.7,38319.2,38755.4,38883.3,38822.9,38874.1,39245.9,39617.7,39789.2,39938.7,40001,39991.8,40021.8,40206.1,40390.4,40415,40414.1,40469.2,40574.9,40666,40697.3,40728.6,40437.7,40099,40048.5,40232,40421.8,40631.3,40840.9,40777.6,40693.6,40627.8,40572.9,40555,40612.4,40661.7,40509.8,40357.9,40175.1,39982.2,39783.7,39578.9,39383.5,39226.3,39069.2,39074.4,39092.1,39158.8,39250.1,39247.9,39109.8,39007.7,39102.3,39196.9,39287.4,39377.5,39554.4,39774.2,39912.5,39944.5,39937.2,39778.1,39619,39482.4,39346.1,39074.6,38761.5,38410.4,38028.7,37563.1,36940.5,36369.1,36092.2,35815.3,35555.5,35296.4,35343.2,35482.9,35649.4,35834.8,35922,35867.1,35846.8,35936.9,36004.1,35788.1,35572.2,35605.5,35661.6,35479.3,35223.7,35150.2,35189.1,34977.6,34493.2,34165.8,34136.9,34100.8,34039,33974.4,33883.2,33792.1,33552.8,33310.4,33211.5,33134.1,32882,32576.4,32395,32275.2,32161.9,32053.3,32004.3,32016.9,31955.7,31789.7,31731.7,31883.1,32029.5,32162.7,32227.4,32039.3,31861.7,31739.8,31594.2,31257.8,30921.3,30583.6,30243.3,29830.7,29418.5,29114.5,28810.6,28680.3,28553.3,28451.2,28350,28208.4,28064.9,28071.5,28086.2,28212.6,28344.8,28535.8,28729.2,29042.7,29359.3,29272.1,29183.2,29100.9,29014.8,28866.9,28715.2,28528.1,28347.2,28203.8,28097.5,28144.6,28125.3,27910.5,27784.1,27846.3,27799.1,27581.5,27287.8,26908,26401.5,25792.6,25395.1,25114.4,24996.9,24936.3,24481.4,23953.8,23999.4,24064.4,24023.5,24036.7,24275.9,24434.3,24423.2,24591.6,24972.6,25073.7,24987.8,25162.9,25426.2,25646.3,25859.9,26046.6,26159.3,26025.7,25959,25991,25701.7,25183.8,24642.9,24095.1,23037.4,22016.9,21286.2,20588.5,19947.4,19599.7,19463.7,19442.9,19452.3,19510.8,19607.6,19816.5,19951.2,20009.5,20467.1,21067.3,21908,22650.1,23076.8,23624.5,24290,24599.4,24832,25536.2,26054,26199.7,26333.3,26459.6,26604.1,26746.9,26877.8,27281.1,27930.8,28027.3,28040.4,28175.7,28101.6,27804.9,26916.8,25914.7,25013.5,23962,22760.4,21472.8,20260.3,19389.1,18740.4,18257.8,18251.4,18521.6,19321.3,20587.5,22037.6,23330.9,24495.8,25523.5,26275.3,26833.8,27009.2,27269,27560.4,27823.6,27652,27121.2,27352.2,27337.6,26954.9,27272.7,27372.7,26726,26784.1,26917.9,26559.4,25991.9,25414.3,25257,24951.7,24653.5,24955.4,24678.3,24104.5,23973.6,24113.7,24366.3,24248.2,24394.3,24573.4,24159.2,23697.1,23313.1,23284.8,23339.7,23239.1,22711.2,21748.8,21156.9,21232.9,19846.1,18948.3,18576.2,18521.9,17897.8,17261.9,17388.6,17153.7,16938.7,16862.1,17519.2,18329.3,18927.8,18626.3,19186.3,19789.9,20214.2,19979,20240.3,20663.7,21053.4,20732.2,21092.3,21649.1,21869.2,22315.6,22456.9,22201.2,21438.3,22375.4,22622.9,22308.8,21693.3,21516.1,21634.1,21472.3,20736.9,20393.1
2697.4,3321.6,4146.5,4971.4,5892.6,6849.2,7812,8870.4,9928.9,10889.3,11698.5,12507.8,13033.4,13453.9,13856.1,14012.7,14169.3,14317.3,14453.1,14588.8,14907.3,15284.1,15656.7,15995.7,16334.8,16626.8,16864.2,17101.6,16982.6,16785.2,16558.8,16200.9,15843,15592.9,15432.9,15272.9,15079.7,14883.3,14672.3,14424.7,14177.2,14014.8,13896.1,13771.9,13520.2,13268.4,13270.1,13615.4,13960.7,14197.4,14409,14636.7,14927.3,15217.8,15805.3,16591.9,17378.6,18594.4,19811.3,21194.2,22825.4,24456.6,25249.6,25843.2,26377.4,26699.6,27021.8,27821.4,28896.4,29851.5,28691.6,27531.6,27344.2,28222.5,29100.8,29298.9,29425.4,29535.2,29612.4,29689.5,29850.6,30036.5,30104.1,29735,29366,29271.7,29320.6,29286.2,28553.9,27821.5,27785.1,28296.1,28812.4,29625.4,30438.4,31106.5,31617.1,32127.6,32584.5,33038.4,33533.8,34087.6,34641.3,34919.3,35163.8,35565,36231,36897,37255.6,37562.4,37938.7,38447.1,38955.6,38915.8,38770.3,38741.8,38944,39146.3,39144.1,39102.6,39235.7,39698.1,40160.6,39952.6,39634,39397,39295.5,39194.1,39327.1,39487.2,39736.3,40106.8,40477.4,40809.5,41139.8,41279.6,41220.8,41170.5,41386.2,41602,41458.1,41049.5,40646,40276.9,39907.8,39586.8,39288.3,39094.4,39226.9,39359.5,39522.3,39692.3,39939.3,40313,40686.6,40722,40740.9,40632.4,40412.5,40224.3,40269.7,40315,40033.5,39618.5,39400,39628,39856,40121.2,40390.1,40504.5,40472,40379.5,39862,39344.5,39234.3,39267.2,39302.3,39341.5,39380.6,39767.5,40158.4,40322.5,40347.9,40440.6,40726.1,41011.7,41211.7,41402.4,41489.9,41492.8,41518.3,41632.4,41746.6,41946,42159.2,42246.4,42220.1,42207.8,42252.8,42297.9,41972.1,41591.3,41521.1,41703,41863.6,41955.5,42047.5,42121.3,42193.7,42246.4,42287.4,42296.2,42239.3,42182.9,42138.1,42093.3,41986.2,41858.5,41600.5,41196.8,40875.3,40887.8,40900.2,40798.9,40688.8,40803.2,41030.8,41142.2,41084.6,41039.4,41061.9,41084.4,41051.5,41013.2,41100.3,41249.5,41342.7,41362.7,41383.2,41405.4,41427.6,41433.9,41439.9,41107.2,40670.5,40204.9,39716.2,39144.9,38419.1,37766.7,37535.5,37304.4,37105.4,36908,36800.3,36719.9,37029.2,37615.2,37877.8,37672.8,37597,37933.2,38224.6,37961.2,37697.7,37580.7,37477.1,37441.5,37426.9,37299,37101.3,36868.9,36598.9,36411.9,36382.8,36291.3,35974.5,35676.1,35553.9,35431.8,35468.4,35508.5,35389.2,35246,35094.1,34939.5,34736.8,34510.2,34314.7,34141.9,34006.9,33910.8,33903.8,34023.4,34109.5,34130.7,34133.8,34088.7,34025.7,33896.4,33795,33841.5,33850.1,33554.4,33249.4,32819.2,32395.6,32162.3,31929,31684.8,31440.5,31114.8,30787.5,30449.3,30110.8,30152.2,30212,30301.1,30391.8,30504.2,30617.8,30773.5,30930.9,31029.6,31126.8,31446.2,31757.7,31688.3,31607.2,31332,31071.4,30947.5,30821.7,30684.6,30555.3,30457.9,30307.5,30001.1,29821,29910.8,29970.1,29981.8,29722.7,29156.7,28655.1,28205.5,27763,27324.3,27051.7,26837.1,26421.7,25969.3,26003,26065,26193.9,26329.6,26493.4,26626.2,26693.9,26817.2,27006.4,27152.3,27269.3,27465.8,27689,28045.4,28388.8,28326.2,28339.7,28607.1,28688.6,28496.2,28262.2,27998.7,27264.2,26389.8,25473.4,24561.8,23682.5,22923.2,22369.2,21836.4,21318.7,21140.3,21062.4,21607.4,21981.3,21856.4,21887.8,22079.7,22753.6,23599.6,24158.2,24730.6,25356.7,26169.8,27164.6,27766.9,28245.5,28531.1,28853.8,29250.4,29652.1,30056.9,30325.6,30571.8,30782.1,30919,30989.5,30922.2,30853.6,30919.1,30882.9,30738.4,30279.4,29712,28938.7,27755.8,26164.3,24586.7,23086.9,21872.8,20956.3,20261.8,20284.7,20573.6,21337.9,22620,24146.6,25911.3,27137.8,27788.8,28868.4,29845.2,30433.9,30736.2,30901.1,30946.5,30846.9,30627.4,31401.2,31430.6,30383.7,30214,30157.9,30033.9,29727.5,29398.2,29184.4,28841.8,28484.3,28342.5,28189.9,28036.6,27919.1,27738.4,27519.8,27309.4,27035.2,26808.3,27174.5,27299.7,27374.2,27882.6,27372.5,26616.2,26633.5,26086.3,25622.4,25780.9,24942.5,23920.7,22892.8,22553,21675.2,20383.9,19958.3,19365.1,19019.8,19627.2,19681.1,19468.1,19088,19923.8,20651.5,21122.6,21002,21101.1,21185.5,21282.6,21922.8,22821.8,23179.5,22498.6,23130.8,23389,23611.1,24176.1,24873.3,25611.3,25895.8,25049.4,25133.9,24561.5,24066.7,24526.9,24824,24421.7,23728.9,23126.1,23251.4
2569.8,3199.9,3947.4,4695,5466.3,6246.3,7031.2,7891.5,8751.8,9508.3,10104.8,10701.3,11144,11529.5,11901.3,12086.1,12270.9,12436.7,12575.3,12713.9,12964.2,13250.1,13522.4,13682.3,13842.2,14034.7,14264.9,14495.2,14348.1,14117.9,13876.7,13585.4,13294.1,13106.4,13005.2,12904,12755.3,12602.1,12432.4,12221.6,12010.7,11797.2,11582.4,11376.8,11387.4,11398,11519.8,11792.5,12065.1,12199.6,12302.1,12453.2,12794.8,13136.4,13728.6,14489.2,15249.7,16412.9,17577.1,18814.6,20161.8,21509.1,22034.4,22364.3,22671,22895.4,23119.9,23850.6,24873.2,25798.6,25011.3,24224,24173.3,24929.6,25686,25642.1,25514,25478.2,25624.2,25770.2,25792.9,25779.3,25698.3,25368,25037.7,24990.9,25091.5,25135.6,24705,24274.5,24244.2,24528.7,24820.5,25527.8,26235.1,26855.9,27382.8,27909.6,28304.3,28691.4,29127.5,29632.2,30136.8,30483,30810,31232.2,31815.4,32398.6,32877.4,33338.6,33720.4,33951.4,34182.4,34140.9,34046.9,34056.3,34270,34483.8,34597.3,34691.7,34795.8,34918.2,35040.6,34972,34871.8,34743.2,34567.3,34391.5,34469.7,34577.1,34780,35112.9,35445.9,35791.2,36137.1,36311.4,36307.2,36310.9,36563.7,36816.5,36733.9,36404.7,36067.9,35679,35290,34900.2,34510,34270.9,34503.6,34736.3,34964.5,35191.8,35454.2,35774.7,36095.1,36081.4,36051.5,35951.5,35790.5,35638.6,35553.9,35469.3,35346.6,35208.3,35162,35324.8,35487.6,35640.4,35792.2,35879.7,35906,35882.7,35507.2,35131.6,35017.5,34995.2,35020.2,35128.8,35237.4,35546.7,35858.3,36110.2,36325.6,36524.1,36673.6,36823.1,36926.7,37025.3,36986.4,36834.8,36749.9,36927.4,37104.9,37113.9,37095.8,37198.6,37410.3,37566.8,37496.6,37426.4,37288.8,37141.4,37246.1,37555.8,37792.5,37795.7,37798.9,37740.7,37677.8,37728.9,37847.8,37879.1,37732.3,37591.8,37608,37624.2,37389.1,37071.4,36911.2,36927.4,36895.5,36668.6,36441.6,36258.2,36078,36185.5,36437.8,36646.4,36791.3,36927,37012.7,37098.5,37029.3,36944.7,36883.3,36833.4,36938.6,37246.2,37454.4,37277.5,37100.5,36935.1,36770,36428.3,36032.3,35554.8,35011.4,34536.1,34188.1,33853.6,33596.9,33340.2,33082.6,32825,32767,32769.8,33009.7,33417.9,33665.9,33682.2,33718.3,33817.7,33917.7,34025.3,34132.9,34152.4,34163.9,33937.8,33638.4,33400,33199.2,32958,32672.6,32406,32175.2,31984,31936.4,31891.7,31874.5,31857.2,31630.8,31399.8,31269.7,31154.8,31031.4,30905.5,30725.1,30517.7,30417,30394.5,30310.7,30163.5,30134,30271.8,30384,30446.6,30505.7,30555.4,30569.8,30453.4,30348.3,30303.4,30220.8,29836.1,29451.7,29071.3,28689.6,28267.9,27847.1,27630.6,27414.1,27224,27034.3,26940.7,26850.6,26866.9,26888.3,26931,26974.9,26915.5,26850.8,27087.8,27337.4,27633.5,27930.8,27707.2,27491,27700.6,27887.1,27686.2,27490,27338.1,27190.5,27068.4,26923.3,26682.7,26492.9,26452.6,26390.1,26280.5,26171.5,26063.4,25891.3,25646.6,25252.6,24737.9,24409.7,24184.7,23828.9,23427.5,23184.1,22969.7,22896.8,22845,22982.7,23117.4,23239.5,23361.3,23482.3,23567.2,23609.5,23798.1,24084.5,24079.1,23975.3,24225.3,24506.7,24685.4,24835.6,24890.2,24889,24805.5,24357.8,23651.2,23076.7,22541.6,21706.4,20877.5,20138.8,19493,19006,18488.6,17949,18056,18324.5,18567.5,18829.8,19148,19407.7,19607.2,20105.5,20710.4,21154.1,21628.6,22205.4,22831.2,23504.7,23778.4,23955.6,24477.7,24987.5,25472.7,25559.6,25404.6,26033.3,26560.9,26470.1,26473.4,26561.8,26649.6,26708.5,26614.7,26485.9,26319.8,26140.2,25852,24990.4,23599.2,21679.2,20383.6,19266.6,18413.5,17718.5,17141.4,17559.9,18112.4,18821.2,19966.8,21278.9,22384.8,23562.3,24816.3,25194.8,25557.5,26162.2,26240.5,26101.5,25994.4,26215.6,26708.2,26269,26148.3,26503.6,26665.2,26646.4,26294.2,25978.4,25670.6,25351.5,24752.4,24248.8,24859.7,24825.4,24436.4,24059.2,23654.4,23298.6,23441.5,23506.7,23463.9,23007.9,22711.7,22584.6,22871,22750.6,22495.6,22420.6,22026.7,21436.2,20626.4,20404.5,20111.2,19554.2,18589.4,17717.1,17003,16848.8,16550.5,16275,16266.8,16483.3,16748,17011.2,16993.9,17088.5,17335.9,17854.1,18320.2,18647.1,18924,19943.6,19759.3,19352,19294.6,19895.8,19880.1,19977.9,21023.7,22062,22389.3,22491.2,23053.1,22423.2,22041.5,21610.4,20753.2,20845.9,20534.3,20166.1,19891.4,18855.6
2477.3,3025.8,3646.8,4267.7,5091.9,5990.6,6879.7,7619,8358.4,9049.6,9666.7,10283.8,10683.6,11002.8,11309,11438.6,11568.3,11722.2,11910.9,12099.5,12348.5,12616.8,12884.9,13151.1,13417.3,13618.2,13743,13867.8,13706.8,13482.8,13252.6,12994.1,12735.7,12532.3,12375,12217.7,12032.8,11845.3,11665.8,11506.4,11346.9,11140.3,10909.6,10695.5,10873.1,11050.7,11230.3,11412.4,11594.6,11780.6,11967.5,12167.9,12421.6,12675.2,13202.2,13912.7,14623.1,15845.4,17068.9,18270.6,19439.9,20609.1,21236.3,21734.6,22133.4,22177.3,22221.2,22888.9,23916.3,24844,24012.8,23181.5,23098.2,23834.6,24571,24636.7,24631.9,24675.6,24814.9,24954.2,25021.5,25067.7,25034.4,24707.6,24380.7,24336,24438,24483.6,24055,23626.4,23537.8,23716.7,23906.1,24693.2,25480.2,26149.8,26691.8,27233.8,27643.6,28045.9,28548.3,29191,29833.7,29851.6,29793.8,30046.3,30823.9,31601.5,31908,32135.1,32408.2,32768.3,33128.5,33156.8,33121,33190,33466.2,33742.3,33891.2,34015.7,34137.3,34253.5,34369.6,34059.3,33678.6,33460.5,33513,33565.6,33664.3,33768.4,34010.9,34442.5,34874.1,34999.8,35110.8,35266.8,35469.8,35671.4,35828.7,35986.1,35844.8,35483.9,35132.2,34843.4,34554.6,34214.7,33850.9,33584.9,33624.2,33663.4,33852.9,34078,34294.1,34495.4,34696.6,34856.8,35014.9,35033.3,34929.8,34825.3,34713.9,34602.5,34412.1,34189.5,34113,34368.5,34624.1,34687.2,34730.4,34800.2,34895.2,34948.3,34703.8,34459.2,34324.6,34228.7,34188.1,34245.2,34302.3,34601.6,34903.6,35122.1,35289.4,35483.6,35754.6,36025.6,36215,36395.5,36372.2,36181.7,36082.5,36342.2,36601.9,36718.9,36812.9,36809.5,36718.2,36654.4,36703.4,36752.4,36579.4,36373.5,36455.4,36770.9,36956.2,36725.2,36494.2,36650.3,36835.6,36926.5,36961.2,36998.9,37042.8,37081.4,36985.8,36890.2,36579.5,36198,35997,35997.9,35951.4,35712.2,35473.1,35409.2,35358.8,35439,35584.9,35766.3,35999.1,36198.2,36213.7,36229.2,36262.7,36298,36126.6,35852.8,35767.8,35928.9,36085.4,36224.1,36362.8,36186.4,36004.3,35708.9,35378.7,34924,34368.8,33843.7,33375,32942.5,32718,32493.4,32270.4,32047.5,32030.3,32075.8,32235,32475,32650.5,32732.4,32850,33081.3,33287.1,33177.1,33067.1,33000.7,32938.3,32876,32813.7,32637.3,32390.4,32099.5,31760.5,31479.9,31310.6,31124.8,30879.1,30662.9,30727.9,30793,30640.2,30482.7,30230.4,29963.8,30001.9,30133.2,30013.9,29770.1,29577,29421.2,29348.5,29361.8,29392.6,29448.2,29403.9,29165.7,29053.8,29277.7,29442.7,29390.2,29304.5,29043.2,28778,28482,28191.1,27969.4,27751.6,27643.1,27533.9,27241.5,26949,26757.5,26568,26373,26177.9,26070.4,25967.3,25970.5,25979.5,26239.9,26513.1,26687.8,26858.3,26767.8,26670.4,26722.5,26774.6,26796.3,26804.9,26591.5,26388.3,26280.6,26167.7,26022.9,25897.2,25850.5,25751.3,25498.1,25263.1,25066.6,24915.2,24834,24728.4,24595.1,24330.2,23958.8,23567.2,23164.4,22936.1,22768.7,22535,22289.1,22241.7,22201.6,22133.2,22154.1,22548.1,22762.6,22599.9,22439.9,22283.1,22370.8,22621.8,22917,23227,23496.1,23764.9,24095.2,24322.8,24208.2,24078.5,23926.6,23648.6,23280.9,22632.5,21900.8,21043.3,20189.7,19379.7,18720.9,18320.6,18029.4,17816.8,17808.3,17851.6,17914.2,18036.3,18331.7,18646.9,18982.4,19353.2,19736.6,20065.1,20487.7,21204.7,21853.4,22435.8,22949.2,23424,23558.8,23831.7,24380.5,24691.7,24858.6,24912.3,24998.2,25236.7,25486.9,25747.6,25998.2,26157.4,25840.8,25508,25157.9,24650.6,24069.4,23278.5,22176.5,20764.1,19682.2,18680.5,17764.4,17042.2,16464.8,16693.6,17140.9,17950.3,19393.8,21026.8,21821.8,22594.1,23342.1,24086,24694.7,24974.7,25593.1,26225.3,25935.6,25741.8,25627.3,25458.6,25273,25065.3,25128.6,25054.9,24574.3,24464.7,24352.4,23834.4,23684.2,23681.4,23595.4,23179.9,22680.8,22847.9,22811.7,22682.1,22787.9,22559.1,22128.4,21725.5,22079.2,22619.1,21934.2,21875.6,21954,21505,21442.2,21185.4,20181.8,19565.2,19075,18669.4,18094.4,17302.6,16441.3,16675.9,16397.7,15941.9,15688.1,15540,15831.9,16631.1,16505.1,16821.8,17225.4,17137,17084.2,17269.8,17787.6,18991,19339.4,19594.4,20182.8,19673.6,19716.4,20195.4,21012.4,21132.3,20862.7,20867.6,22039.7,20873.2,20989.3,21411.2,20895.2,20234.8,19325.4,19033.9,19639.9,18371.8
2449.2,2961.7,3594.4,4227.2,5019.2,5869.7,6717.3,7518.2,8319.1,8997.4,9486.7,9976,10369.2,10726.7,11069.1,11207.4,11345.8,11533.8,11792.7,12051.5,12235,12394.4,12569.5,12872.9,13176.3,13372.7,13444.6,13516.5,13395.3,13231.6,13047.2,12769,12490.7,12325.9,12255.7,12185.5,11989.1,11780.7,11590.2,11444.1,11298,11144.6,10987.3,10834.9,10795.5,10756.1,10837.7,11083.4,11329.1,11509,11673.8,11854.1,12095.8,12337.6,12904.7,13690.4,14476,15533.1,16590.8,17761.8,19102.1,20442.4,20951.8,21263.5,21542.7,21706.2,21869.8,22534.4,23487.9,24344.9,23499.5,22654.1,22535.2,23212.3,23889.5,23923.3,23889.4,23933.9,24132.8,24331.7,24419.4,24474.5,24465.2,24218.3,23971.3,23965,24083.9,24136.1,23629.2,23122.3,23054,23330.7,23616.5,24419,25221.6,25816.3,26185.1,26554,26997.5,27445.2,27926.2,28453.9,28981.5,29218.8,29420.9,29763.7,30344.5,30925.2,31282.7,31602.6,31909.4,32191.4,32473.3,32543.5,32572.9,32633.6,32756,32878.4,33080,33296.8,33521.1,33759.5,33997.9,33631.6,33165.4,32864.6,32839,32813.5,33048.8,33314.2,33549.5,33744,33938.4,34114.2,34289.1,34528.2,34834.3,35133.5,35219.4,35305.3,35130.7,34764.4,34422.9,34251.6,34080.3,33704,33232.1,32919.1,33102.9,33286.7,33432.6,33569.5,33781,34115.2,34449.5,34458.1,34450.9,34411.4,34343.8,34274.6,34193.5,34112.5,33929.6,33705.1,33550.3,33553.5,33556.8,33955.2,34394.4,34522.8,34355.5,34171.8,33871.5,33571.3,33587.4,33714.8,33799.5,33809.1,33818.7,34185.1,34555.6,34662.2,34607.6,34660.2,35021.2,35382.1,35553.2,35703.5,35702.2,35576.6,35528.4,35784.8,36041.2,36086.9,36098.8,36102.2,36098.1,36096.1,36103.2,36110.3,36100.6,36088.5,36076,36063.3,36077.4,36177.7,36278,36330.7,36379.8,36447.2,36525.5,36579.2,36582.8,36576.1,36313.1,36050,35774.7,35495.4,35406.7,35531.2,35567.2,35243.1,34918.9,34861.7,34825.1,34998.4,35277.6,35386.3,35246.8,35161.2,35368,35574.8,35511.7,35421.6,35465.3,35575.4,35655.4,35696.1,35766,35948.8,36131.5,35946.1,35753.9,35340.8,34859.8,34320.9,33735.2,33235.2,32895.5,32528.1,32002.3,31476.5,31282,31103.2,31143.1,31249.6,31532.3,31940.1,32133.2,32015.6,31926.4,31927.7,31930.8,31957.7,31984.6,32149.4,32326.9,32171.8,31914.3,31745.2,31630.8,31399.4,31040.8,30735.7,30532.5,30402.1,30535,30627.1,30330.5,30033.8,29936.5,29843.4,29631.3,29401.4,29270.8,29170.6,29139.3,29142.3,29034.1,28844.3,28682.9,28550.6,28503.7,28577.9,28612.7,28570.8,28563.2,28646.9,28676.1,28504,28375.1,28474.6,28513.8,28068,27625,27219.7,26818.8,26544.7,26271,26118.9,25966.7,25817.4,25668.2,25396.7,25120.6,25098.5,25088.8,25025.6,24959.5,25234.3,25526.4,25521.2,25503.4,25760.1,26023.9,25993.8,25962.8,25956.7,25942.3,25789.9,25644.1,25559.6,25474.3,25383.6,25274.3,25088.6,24938.7,24894.3,24830,24723.5,24603.1,24461.2,24232,23903.9,23673.8,23522.9,23097.3,22519.7,22211.7,21998,21888.8,21799,21373.2,20978.4,21201.5,21429.6,21678.4,21813.8,21710.7,21720,21862.6,22062.4,22300.5,22495.6,22676.1,22917.2,23155,23245,23323.2,23361.5,23261.7,22958.3,22568,22116,21525.4,20893.7,20095.2,19325.3,18733.7,18164.1,17632.2,17385.7,17345.1,17092.4,16802.4,17159,17508.5,17837.7,18132.6,18392.2,18666.6,18946.4,19424.5,19935.3,20539.6,21097.6,21610.5,21974.7,22285.4,22402,22706.7,23386.5,23660.8,23689,23873.8,24120.7,24539.2,24937.8,25318.2,25095,24789.7,24665.6,24487.7,24252.3,23865.6,23381.5,22552.9,21528,20307.3,19227.9,18172.4,17114.5,16403.1,15950.2,16400.9,16966.8,17660.6,18804.6,20110.7,21106,22068,22994.2,23266.4,23528.9,23977.1,24165.1,24310.8,24938.2,25061.6,24768.6,24493.7,24548.5,25066,24669.2,24101.1,23485.4,23597.9,23811.9,23597.4,23168.1,22763.1,22966.3,22877.4,22572.4,21899.2,21516.1,21350.9,21487.7,21619.1,21728.1,21706.4,21579.6,21398.1,21236.2,20913.1,20595.1,20556.7,20336.6,20109.8,20004.4,19130.2,18548.7,18608.8,17749.5,16882.8,16087,15701.1,15286,15074.1,15492.2,15512.3,15830.1,16588.9,16334.2,16241.6,16193.8,16004.3,16998.5,17666.1,17737.7,17434.1,18232.9,18858.7,18546.2,18483.9,19077.3,19649.8,19434.7,20900.9,20923.2,20468,20977.3,20868.9,20841.5,20547.1,19589.7,19650,19476.7,19086.6,18464,17340.6
2610.4,3167.2,3818.3,4469.5,5262.4,6107.3,6952.5,7802.7,8652.9,9408.5,10018.3,10628.1,11074,11459,11833.3,12062.8,12292.3,12439.9,12470.4,12500.9,12746.8,13061.4,13371.5,13643.6,13915.7,14069.1,14084.3,14099.4,14091.2,14077.8,14018.5,13750.5,13482.5,13253.1,13055.8,12858.6,12727.1,12601.9,12459.3,12273.1,12087,11961.7,11867.7,11774.2,11691.2,11608.2,11635.4,11812,11988.6,12252.3,12536.2,12796.9,12966.7,13136.6,13710.1,14554.5,15399,16499.2,17600,18845.4,20306.9,21768.4,22412.5,22862.2,23244.3,23385.6,23526.9,24231,25259.6,26185.2,25294.7,24404.1,24265.6,24951.1,25636.7,25794.6,25897.1,26003,26115.8,26228.6,26340.1,26451.3,26452.2,26045.4,25638.6,25673.2,25937.6,26121.8,25632.7,25143.6,25026.1,25200.8,25386.5,26192.8,26999.1,27664.4,28176.7,28688.9,29018.8,29338.2,29779.8,30392.6,31005.5,31250.1,31450,31840,32551.4,33262.7,33637.8,33956.3,34242.3,34466.8,34691.4,34893.2,35090.7,35259.9,35373.2,35486.5,35522,35542.6,35594.8,35706.4,35818.1,35645.4,35425.8,35313.4,35379.3,35445.3,35457.1,35462.8,35632.3,36025.5,36418.7,36692.8,36961.1,37257.8,37583.9,37901.2,37938.9,37976.5,37752.5,37336.1,36932.8,36620,36307.2,35961.1,35599.6,35317.5,35283.5,35249.5,35632.8,36115.3,36484.8,36668.6,36852.5,37013.7,37173.9,37179.6,37050.5,36903.1,36621.8,36340.4,36242.4,36219.3,36254.6,36422.8,36591,36816.2,37047.4,37126.1,37059.9,36955.1,36576,36196.9,36116.3,36140.4,36212.3,36368.3,36524.3,36789.2,37055.3,37200.1,37270.7,37400.6,37700.6,38000.6,38232.5,38456.9,38524.9,38464.5,38442.2,38570.1,38698,38688.4,38656.6,38698.4,38806.6,38913.6,39016.2,39118.7,38949.4,38739.9,38652.8,38665,38685.5,38732.2,38779,38881.4,38988,39067.1,39130,39151.1,39087.5,39020.4,38866,38711.5,38498.9,38267.1,38072.8,37920.4,37746.9,37487.6,37228.3,37490.1,37792,37839.6,37759.1,37792.1,37990.2,38146.6,38076.3,38006.1,37998,37996.2,37932.6,37838.5,37817.9,37893.1,37981.3,38119.9,38258.6,37973.3,37680.4,37423.4,37177.4,36724.2,36104,35508.3,34958.5,34455.5,34220.3,33985,33727.5,33468.8,33604.6,33860.4,34014.8,34097.2,34149.5,34158.3,34222.4,34463.3,34668.5,34432.6,34196.6,34140.9,34101.5,33988.8,33853.4,33715.6,33576.3,33425.1,33261,33046.5,32736.3,32462.2,32319.1,32179.4,32072.8,31966.1,31719.3,31469.5,31324.7,31195.8,31043.2,30883.4,30743.9,30614.4,30509.5,30422.6,30420.3,30505.5,30462.1,30236.1,30206.1,30556.6,30754.1,30545.3,30406.6,30526.4,30585.7,30324.8,30053.3,29696.6,29345,29061.4,28780,28561.5,28342.7,28048.6,27754.6,27471.9,27189.5,26951.5,26715.1,26692.5,26680.2,26861.1,27052.3,27131.5,27205,27502.9,27810.2,27663.1,27504.2,27571,27638.8,27702.3,27763,27777.9,27743.7,27246.5,26834.1,26932.7,26971.1,26760.7,26567.7,26425.8,26349.8,26414.1,26439.9,26405.4,26099.4,25485.7,25025.6,24689.4,24360.2,24034.8,23769.9,23526,23158,22767.1,22810.8,22863.1,22755.8,22697,22840.8,22955,23006.8,23082.8,23187.3,23350.1,23551.8,23777.5,24011.1,24207.7,24390.5,24429.4,24468.5,24508.6,24416,24127.9,23914.5,23754.1,23034.9,22149.6,21420.2,20676.8,19831.5,19168.2,18816.3,18406,17953.8,17950.7,18063.7,18307.7,18554.7,18810.3,19010.3,19153.1,19589.9,20131.7,20660.9,21220.4,21874.2,22557.5,23269.5,23571.3,23758,24004.1,24254.8,24514.8,24867,25275,25399.3,25563.2,25961.7,26010.9,25744,25918.1,26158.5,26299.9,26198.8,25839.9,25118.9,24359,23827.5,22804.5,21291,19949.7,18739.9,17914.4,17224.1,16634.6,16774.8,17305.1,18574.9,19716.3,20808.7,21960.4,22878,23545.4,24193.9,24890.5,25710.4,25860.7,25776.5,26033.5,26261.7,26466.1,26039.7,25759.5,25704.1,25930.8,25948.5,25393.7,25331.3,25299.8,24848.7,24327,23892.6,24058.5,23666.5,23083,23287.9,23244,23064.6,23016,22712.2,22285,22087.6,22085.6,22204.6,22385.1,22467,22404.2,21984.8,21829.6,21526.8,20678.5,20349.9,19741.2,18576.5,18435.3,17908.6,17067,16849.5,16508,16182.8,16078.5,16193,16414.5,16720.2,16985.2,17257.3,17409.7,17188.2,17625.5,17955.9,18112.2,18699.8,18984.3,19074,19024.8,19485.2,20166.9,20813,21130.6,21696.6,21712.6,21472.7,21406.3,21201.8,20971.2,20759,20612.1,20691.5,20215.8,19606,19072.3,17804.3
2591.6,3151.7,3865.6,4579.4,5284.8,5987,6693,7457.7,8222.4,8969,9687.9,10406.7,10878.2,11258,11627.4,11857.3,12087.1,12247.7,12309.4,12371.1,12539.6,12742.1,12969,13397.2,13825.4,14064.1,14082.3,14100.5,14002.5,13879,13733.3,13486.5,13239.7,13043.5,12889.6,12735.8,12498.1,12252.6,12025,11842.5,11659.9,11517.4,11395.5,11279.6,11307.2,11334.8,11381.1,11452.9,11524.7,11710.5,11922.7,12141,12383.1,12625.1,13161.8,13896.2,14630.6,15780.5,16931.5,18157,19493.9,20830.9,21454.6,21908.7,22301,22473.1,22645.2,23234,24063.1,24812.6,24157.8,23503,23480.1,24149.6,24819.2,24905.9,24931.2,24991.3,25119.8,25248.3,25255.1,25226.1,25144.8,24870.4,24596,24621.1,24802.2,24908.4,24386,23863.7,23767,24005.3,24253.6,25069.8,25886.1,26500.6,26895.8,27291.1,27747.7,28207.9,28738.5,29368,29997.4,30192,30333.8,30686,31393.8,32101.5,32299.9,32412.6,32583,32863.4,33143.9,33292.2,33415,33546.8,33696.4,33846,34050.4,34265.2,34421.9,34469.1,34516.3,34357.5,34164.6,34035.7,34013.3,33991,34071.4,34163.8,34390.3,34799.7,35209.2,35403.1,35586.6,35696.3,35729,35769.5,36054.8,36340,36217.3,35794.7,35379.2,35013.4,34647.5,34351.2,34087.4,33904.4,33974.5,34044.5,34311.7,34625.9,34924.7,35198.5,35472.3,35575.8,35671.1,35629.7,35469.1,35305.3,35117.6,34929.8,34839.2,34788.2,34766.1,34809.6,34853.1,35211.3,35602,35656.9,35392.5,35136.1,34936.9,34737.8,34539.3,34341.1,34311.3,34578.6,34845.9,34891.1,34933.7,35049,35208.6,35420.7,35783.5,36146.4,36294.6,36419.4,36395.9,36250.9,36184.5,36427.4,36670.2,36709.5,36716,36796,36942,37082.2,37198.3,37314.4,37080.5,36794.7,36788.4,37009.2,37161.8,37096.3,37030.7,37167.5,37319.5,37277.8,37120.9,37013.8,37007.7,36999.5,36934.9,36870.3,36643.2,36362.6,36204.3,36182.7,36097.3,35752.5,35407.6,35282.1,35173.4,35367.6,35714.4,35916,35906.4,35881.6,35773.8,35666.1,35927,36224.7,36284.6,36226.8,36268.5,36439.9,36563.3,36500.5,36437.7,36103.5,35764.3,35374.6,34969.3,34603.8,34270.6,33856.7,33291.6,32767.8,32480.8,32193.9,31905,31616.1,31542.1,31533.5,31587.9,31687,31739.5,31724.5,31762.9,31972,32157.7,32052.7,31947.7,31854.6,31762.6,31631.5,31488.4,31271.7,31009.7,30708.8,30365.7,30140.8,30140.8,30111.2,29974.6,29842.4,29751.7,29661,29455.9,29248.4,29165.8,29102.1,28988.4,28859.4,28831.3,28853.4,28732.1,28505.6,28375.1,28343.8,28280.1,28170.7,28128.8,28218.2,28278.7,28262.1,28249.8,28253.2,28226.6,28041.1,27841.2,27526.1,27208.4,26856.5,26515.3,26481.9,26446.9,26030.5,25614.1,25661.9,25718.7,25301.9,24867.4,24828.8,24809.5,24883.5,24962.5,24853.6,24735.1,24916.7,25110.8,25271.3,25431,25627.9,25814.2,25534,25262.4,25135.8,25018.2,24984.6,24939.4,24823.7,24713.3,24624.7,24542.7,24480.3,24409.3,24320.1,24231.8,24144.9,23867,23372.9,23125.1,23076.2,22622.1,21943.9,21681.4,21564.2,21455.2,21347.7,21206.9,21091.4,21328.9,21480.9,21276.3,21244.8,21577.4,21746.9,21723.2,21816.6,21988.3,22264.8,22576.7,22364.2,22130.7,22430.4,22699.3,22865.5,22963.7,22961.7,22660.4,22146.3,21293.2,20339.3,19921.4,19436.9,18507.7,17778.7,17392.1,16967.7,16516.1,16559.4,16725.4,16832.1,16932.1,17012.7,17316.8,17850.9,18172.5,18418.3,18868.7,19290.8,19616.6,20167.1,20936.2,21614.5,22240.6,22390.8,22499.6,22525.9,22721.1,23018.9,23468.2,23849.9,23939.4,24352.3,25057.7,24817.1,24414.3,24117,24073.7,24300.6,23804.2,23115.7,22264.4,21149.6,19771.8,18576.1,17501.9,16767.1,16195.7,15746.3,15855.8,16186,16915.9,18180.4,19645.4,20822.7,21696.8,22246.7,22810.8,23392.1,24010.6,24251.5,24320.4,24296.8,24317.2,24374.1,24568.5,24496.2,24045.1,23961.3,23875.9,23651.5,23336.3,23037.6,22893.2,22660.7,22470.6,22693.8,22110,21271.5,21725.3,21770.1,21547.3,21198,21225.1,21415.8,21140.9,20987.2,20914.6,20911.5,20821.8,20659.9,20380.3,20570.7,20626.9,20012.6,18922.3,18229.5,18256,17720.7,16920.9,16020.1,16188.4,15665,15014.4,14962.5,15027.3,15165.7,15391.1,16153.6,16571.8,16668.6,16380.7,16552.6,16909.8,17377.2,17760.1,17938.1,18046.9,18164.9,18534.1,18342,18511.3,20112.4,19958.8,19846.6,19861.5,20040.5,20646.2,20361.8,19805.8,19726.1,19349.3,18984,18707.6,18524.5,18022.1
2506,3023.7,3718.8,4414,5183,5979,6772.4,7524.5,8276.7,8971.6,9578.3,10185,10509,10728,10945,11134,11323.1,11525.9,11748.4,11970.9,12128.7,12266.1,12430.5,12817.9,13205.3,13513,13727.8,13942.6,13706,13369.9,13056.8,12848.4,12640.1,12457.2,12295.5,12133.9,12049.3,11972.1,11871.9,11714.5,11557.1,11354.9,11129.9,10912.3,10871.9,10831.5,10853.2,10959.1,11065,11329.1,11629.9,11920.5,12171.2,12421.8,12951.3,13667.9,14384.5,15346.8,16309.7,17427.1,18775.4,20123.7,20750.5,21205.6,21575.2,21639.3,21703.5,22434.7,23550.4,24561.1,23720.4,22879.7,22741.5,23373.2,24004.9,24160.4,24265.8,24355.3,24413.4,24471.5,24554.6,24645.1,24648.7,24331.4,24014.2,23994.6,24130,24200.5,23726.4,23252.2,23231.1,23566.4,23907.2,24567.3,25227.3,25803.3,26287.8,26772.4,27185.7,27595,28083.1,28681.6,29280.2,29601.9,29890,30249.9,30731.3,31212.6,31547.5,31857.7,32180.2,32526.1,32872,32934.4,32942.2,33037.2,33304.6,33572,33451,33255.5,33268.1,33673.8,34079.4,33930.3,33689.7,33506.7,33419.3,33331.9,33415.7,33519.1,33701.2,33990.5,34279.8,34532.5,34783.5,34929.6,34966.5,35013.4,35375.8,35738.3,35644.9,35216.2,34797.7,34449.3,34100.9,33751.9,33402.6,33197.5,33443.2,33688.8,33765,33800.9,33961.7,34327.8,34694,34830.2,34955.1,34986,34934.7,34878.3,34784,34689.7,34478.6,34219.8,34090.2,34254.2,34418.1,34643.2,34874.5,34929.2,34815.9,34689.8,34473,34256.3,34225.4,34259.8,34237.6,34115.9,33994.2,34299.9,34610.5,34787.6,34883.2,35031.4,35331,35630.6,35761.9,35874.7,35925,35924,35953.7,36103.7,36253.8,36321.4,36375.8,36388,36362.1,36349.6,36391.7,36433.9,36355.9,36260.2,36225.5,36240.4,36281.1,36404.7,36528.3,36570.7,36607.1,36725.2,36891.9,36971.7,36874.7,36774.1,36583.5,36392.9,36154.6,35900.6,35716,35609.1,35492.9,35338.9,35185,35141.8,35107.1,35067.8,35026,35081.1,35277.1,35447.4,35477.5,35507.6,35496.5,35481.3,35388.8,35257.9,35344.4,35714.3,35942.8,35624,35305.1,35200.8,35100.4,34871.3,34602.7,34261.5,33861.8,33338.8,32584.7,31899.2,31607.3,31315.5,31109.3,30907.1,30898.6,30949.2,31027.9,31126.6,31139.4,31027.7,30992.3,31200,31394,31417.7,31441.3,31221.4,30979.5,30830.1,30709.2,30485.6,30198.7,30005.6,29914.9,29752.6,29454.3,29217.4,29203.3,29188.9,29171.5,29154.2,28913.9,28668.8,28469,28276,28121.5,27978.8,27865.3,27766.3,27746.5,27784.8,27724.1,27561.2,27488.8,27545,27622.3,27740.4,27765.2,27541.9,27358,27319.7,27286.6,27280.5,27244.9,26972.3,26690.4,26282.7,25878.3,25570,25262.2,25089.9,24917.5,24680,24441.3,24219.3,23997.8,24091.7,24201,24188.4,24169.2,23943.9,23708.1,24118.9,24556.9,24539,24509.2,24667.7,24821,24711.9,24608.7,24606.8,24585,24376.5,24180.8,24062.4,23960.6,23927.5,23849.4,23639.5,23492.3,23479.1,23407.4,23244.5,23008.9,22690.9,22373.3,22056.1,21840,21679.8,21442.3,21177.9,20825.7,20457.4,20224.2,20021,20126.1,20281.5,20646,20863.4,20771.4,20727.7,20741.3,20926.6,21226.7,21324.9,21354.9,21517.1,21694.1,21877.7,22062.7,22252.5,22188,21749,21350.9,20981.8,20367.1,19679.5,19267.5,18803.9,18022.9,17233.8,16430.7,16074.2,16039.7,16104,16191.8,16228.6,16350.6,16721.4,16993.2,17163.2,17656.8,18266.1,18425.8,18686.3,19277.5,19851.1,20407.7,20769.6,21089.6,21670.2,22070.4,22110.3,22218.9,22369.3,22956.4,23438.7,23402.3,23491.5,23694.5,23600.5,23483.1,23544.7,23634.2,23753.3,22977.4,22026.5,21214,20339.2,19402,18184.9,17032.5,16309.2,15717.5,15224.1,15437.3,15889.9,16762.6,17757.6,18805.6,19861.3,20762.5,21498.5,21979.2,22551.6,23429.8,23630.2,23553.5,23536.6,23761.2,24185.4,23577.3,23229.8,23279.9,23407.3,23267.4,22499.6,22496.2,22636.7,22456.4,22110.2,21758.1,21750.2,21336.1,20755.4,20565.6,20614.5,20830.4,21201.2,21084.8,20764.8,21102.6,20884.4,20383.4,20025.8,20194.2,20391.7,19839.4,19654.6,19489.9,19094.6,18355.9,17720.8,17332,16698.8,15984.5,15280.4,15258.6,15067.9,14784.9,14470.6,14596.5,14829.3,15081.5,14964.6,15313.8,15820.9,16010.1,16856.1,16964.6,16357.7,17281.6,17340.5,17436,18089,17704.6,18044.3,18877.3,19979.3,19247.6,19213.3,19528.8,19615.3,19961.6,20259.9,20184.3,19402.5,19254.6,18837.1,18505.7,18371.5,17238.5
2514.6,3026,3684.4,4342.8,5035.8,5741.5,6455.7,7301.7,8147.8,8888.9,9468.2,10047.6,10497.3,10898.8,11280.6,11396,11511.3,11695,11976.4,12257.8,12529,12796.9,13068.8,13373.1,13677.4,13869.8,13931.7,13993.7,13785.8,13518.4,13270.1,13108.5,12947,12778.1,12603.2,12428.3,12259.4,12091,11937.8,11822.2,11706.6,11538.7,11344.1,11155.5,11108.9,11062.2,11094.4,11233.6,11372.8,11658.8,11978.9,12278.1,12495.4,12712.7,13177.1,13807.2,14437.4,15662.9,16889.8,18117.5,19346.4,20575.3,21294.4,21892.1,22367.8,22408,22448.1,23084.9,24065.6,24956.3,24260.1,23563.9,23566.2,24333.9,25101.5,25071.8,24958.3,24952,25157.2,25362.4,25388.6,25362.1,25284.4,25017.5,24750.6,24853.2,25148.3,25353.3,24803.1,24252.9,24156.7,24417.8,24687.7,25465.2,26242.7,26924.2,27501.4,28078.6,28576.2,29069.4,29499.9,29842.9,30185.8,30525.8,30865.5,31314.9,31949.9,32585,32927.9,33221.6,33519.8,33826.6,34133.5,34253.9,34338.4,34462.6,34665.1,34867.6,34898.5,34896.4,34996.7,35290,35583.3,35427.3,35197.2,35019.1,34927.4,34835.7,34913.5,35010.8,35261.6,35722,36182.4,36331.1,36464.8,36601.4,36741.1,36885.1,37166.4,37447.7,37295.6,36824.9,36370.6,36029.4,35688.3,35255.6,34780.3,34523,34946.8,35370.6,35515.7,35594.5,35766.4,36091.1,36415.9,36543.4,36661.3,36673.7,36594.1,36503.2,36328.5,36153.8,35993,35837.9,35801.6,36035.3,36269,36450.4,36626.3,36669.2,36585.4,36466.7,36100.3,35734,35638.1,35637.3,35650.8,35689.8,35728.7,36002.3,36278.6,36556.7,36835.9,37138.3,37507.3,37876.3,37833.4,37745.2,37689.6,37660.6,37704.3,38033.2,38362.1,38427.3,38450.2,38371.2,38200.4,38133.3,38492.5,38851.7,38862.1,38820.8,38713.4,38552.2,38427.1,38417.6,38408.1,38564.2,38732.7,38793.4,38789.8,38781.5,38763.8,38740.9,38587.4,38434,38195.1,37928.2,37734.9,37623.9,37465.9,37117.4,36768.9,36809.9,36881,37046.3,37259,37380.3,37368.5,37370.8,37450.4,37530,37452.6,37359.4,37264.4,37168.4,37221.6,37469.3,37667,37671.3,37675.6,37327.1,36972.2,36650.7,36339.5,35865.6,35260.5,34668.7,34102,33591.2,33400.8,33210.5,32729.7,32235.1,32184.8,32269.7,32353.5,32436.4,32492.8,32510.7,32494.8,32370.9,32257.7,32276.9,32296,32220.3,32135.9,32010.8,31873.1,31723.6,31566.9,31384.9,31175.4,30971.5,30778,30619.9,30589.4,30539.6,30303.9,30068.2,29979.9,29894.7,29747.9,29591.8,29390.5,29175.4,29055.2,28982.2,28876.2,28746,28737.5,28854.8,28871.2,28744.4,28665.8,28681.1,28665.1,28566.3,28496.8,28535.9,28542.1,28374.2,28198.1,27955.7,27704.8,27337.8,26968.7,26539.9,26113.2,26182.5,26251.8,25918,25576.5,25533.9,25502.3,25264.3,25016.3,25098.7,25198.7,25134.8,25062.5,25232.7,25413.1,25610.4,25808.1,25849.9,25891.6,25962,26006,25606,25262.3,25448.6,25599.4,25536.2,25421.6,25095,24770.4,24452.1,24282.1,24428.7,24554.4,24647.5,24458.8,23950.8,23571.1,23295.2,22846.7,22302.7,22085.6,21982.6,21544.6,21044.9,21089.5,21184.2,21595.4,21892.4,21712.4,21578,21539.6,21522.2,21529.8,21522.7,21505.8,21849.7,22315.3,22472.3,22594.9,22703.3,22779.1,22746,22705.9,22655.6,22322.7,21789.1,21071.8,20300,19817,19295.8,18523.3,17876.6,17444.9,17076.8,16754.5,16612.3,16528.7,16984.2,17280.9,17114.4,17233.3,17645.7,17996.8,18326,18887.7,19453.9,20024.6,20462.7,20771.7,21213.8,21694.4,22177.4,22498.6,22497,22897,23540.8,23500.4,23517.6,23964.7,24183.7,24196.4,24160.7,24117.6,24085.2,24019.9,23919.8,23383.5,22725.7,21939,20981,19852,18789.8,17787.9,16970.5,16299.9,15738.9,15827.5,16041.3,16438.4,17596,19089.7,20694.6,21723.6,22137,22466.4,22832.5,23315.1,23411.1,23409.9,23878.5,24084.2,24072.7,23853,23697.4,23638.3,23979.3,24117.3,23652.3,23556.5,23478.3,23066.8,22554.9,22085.5,22057.9,21867.6,21615.2,21549.9,21414.4,21265.9,21345.1,21136.1,20851.4,21262.4,21372.3,21259.4,20863.1,20783.3,20790.6,20595,20522.1,20304.2,19653.8,19601,19127,17866,17286.8,16585.2,15833.2,15853.3,15489.6,15008.9,14725.3,15379.3,15718.4,15441.5,15505.1,15789.1,16092.6,16079.1,16527.8,16974.4,17335.4,17653,17915.6,18067.6,18067.2,18076.3,18603.2,19170.1,19239.5,19435.7,19851.8,20326.2,20637.5,20042.8,19506,19213.1,19326,19447,19275.9,19418.4,20039.5,18927.4