1587.6,1837.5,2149.6,2461.7,2783.8,3109.5,3437.1,3795.2,4153.2,4480,4758.6,5037.1,5216.9,5360.1,5501.9,5627.1,5752.2,5903.5,6092.1,6280.8,6344.5,6368.4,6408.4,6580.7,6752.9,6868.1,6916.7,6965.4,6993.1,7016.1,7012.1,6885.7,6759.3,6705.2,6711.6,6717.9,6570.6,6408.7,6260.2,6144.8,6029.5,5997.4,6007.9,6015.6,5957.7,5899.7,5913.2,6023.6,6134,6302.8,6485.2,6651.6,6755.4,6859.2,7226.5,7770.6,8314.6,9017.3,9720.5,10402.5,11053.1,11703.7,12112.9,12464.7,12720.4,12633,12545.6,12960,13663.7,14306.9,13884.9,13462.8,13452.7,13894,14335.3,14334,14286.1,14312.7,14486.4,14660,14821.1,14978.5,15053.2,14822.4,14591.6,14594.1,14718.1,14806.1,14592.2,14378.4,14371.7,14527.9,14690.9,15241.5,15792.1,16195.7,16439.6,16683.6,16885.1,17084.2,17438.7,18010.7,18582.7,18684.3,18729,18969.4,19541.1,20112.8,20328.1,20483.5,20637.8,20790.1,20942.4,20990.3,21018,21102.6,21299.2,21495.8,21509.4,21487.8,21535.8,21714.9,21894,21943.9,21972.4,22003.4,22038.5,22073.6,22049.9,22019.4,22084,22278.5,22473,22717.9,22965.2,23179.5,23359.6,23537.9,23663.2,23788.5,23786.9,23692.1,23576.3,23315.8,23055.3,22903.8,22803.1,22729.4,22740.2,22750.9,22824.1,22912.1,23069.6,23341.5,23613.4,23717.3,23813.1,23822.6,23756.8,23668,23409.4,23150.8,23201.5,23378.4,23552.9,23722,23891,24075.2,24260.9,24249,24049,23873.5,23872.1,23870.8,23781.8,23662,23641.1,23794.8,23948.4,24272.4,24598.3,24705.8,24679.8,24710.7,24905,25099.3,25487,25895.9,26025.3,25925.4,25887,26090.8,26294.7,26326.8,26331.5,26388.7,26493.3,26594.3,26680.6,26766.8,26635.5,26472.1,26424,26469.8,26561.2,26798.6,27036.1,27093.2,27136.7,27062.4,26918.1,26832.1,26864.5,26899.8,27008.7,27117.6,26993.1,26791.9,26657.7,26598.5,26517.9,26350.4,26182.8,26082.5,25987.4,26075.2,26255.1,26354.6,26337,26336.6,26430.3,26524,26309.5,26064.1,26095.3,26263.4,26380.8,26432.2,26414.1,26127,25839.9,25662.7,25487.6,25306.2,25123,24868.9,24557.8,24222.2,23840.8,23463.5,23109.7,22755.9,22438,22121.9,22046,22043.2,22123.1,22261.7,22361.1,22403.8,22428.2,22394.5,22366.5,22408.8,22451.1,22361.7,22260.2,22265.4,22303.6,22189,21980.2,21821.4,21717.1,21541.8,21231.4,20993.8,21019.9,21048.5,21101,21153.6,20933.9,20708.3,20551.9,20405.9,20281.4,20163.5,20129.9,20138.2,20123.8,20092.7,20046.8,19985.4,19937.3,19907.8,19916.3,19998.4,20064.9,20090.2,20084.7,19965.1,19865.7,19872.8,19855.7,19644.2,19425.9,19114.2,18808.2,18662.8,18517.7,18444.2,18370.6,18107.7,17841.2,17687,17537,17369.4,17201,17210.5,17229.5,17232.5,17234.6,17245.9,17257.6,17301.9,17347,17471.8,17588.9,17357.7,17135.7,17066.3,16993.2,16886.1,16798.5,16828.9,16830.7,16715,16568.3,16330.6,16157.5,16122.3,16149.3,16273.1,16232.3,16004.9,15758.1,15495.7,15293.7,15125.2,14946.6,14764.3,14754.7,14776.9,14769.4,14777.7,15013.3,15225.2,15337.8,15395.1,15335.9,15419.4,15672.2,15858.2,15999.6,16309.1,16675.5,16951.8,17196.4,17115.4,17061.1,17096.4,17062.7,16927.6,16859.1,16837.9,16496.1,16059,15496.4,14962.8,14601.4,14297.1,14090.6,13852.9,13592.7,13447.4,13338.1,13521,13762.1,14172.9,14478.9,14677.3,14998.5,15363.5,15556,15811.8,16271,16628.6,16887.2,17275.5,17698.3,18070.7,18346.2,18428.7,18499.1,18562.1,19031.8,19405.3,19300.7,19356.6,19557.7,19537.2,19528.6,19809.9,19703.6,19185,18879,18648.1,18566.3,17841.3,16474.4,15292.5,14300.4,13904.2,13610.2,13392.5,13314.5,13559.8,14479.1,15316.4,16119.1,16925.1,17667.1,18340.8,18974.7,19530.1,19907.2,19752.6,19457.5,19760.3,19936.1,20007,20377,20346.7,19745,19627.1,19653.3,19824.6,19928.1,19862.6,19286.9,18855.2,18594.1,18871.6,18680.7,18273.1,18149.7,17869.6,17542.6,17587.3,17475.5,17334,17648.7,17725.6,17682.6,17706.1,17502.2,17181.4,16812.4,17074.9,17127,16208.2,15779.1,15458.2,15167.4,14302.8,13973.2,14097.5,13791.1,13327.8,12936.3,12971.8,13082.9,13199.8,13317.4,13738.1,13645.5,13323.7,13184.5,14003.4,14611,14845.4,15210.7,15393.3,15555.1,15792.7,16194.2,16528.7,16686,16528.5,17095.5,17129.2,16866.9,16681.1,16773.9,17011.7,16958.7,16148.6,15782.2,15475,15251.9,15086.8,14627.6
1475.6,1728.4,1999.8,2271.1,2606.2,2964.6,3319.9,3625.9,3931.9,4218.9,4476.6,4734.3,4938.6,5123,5302.2,5411,5519.7,5605.2,5657.5,5709.7,5839,5992.9,6142.5,6256.2,6369.9,6411.6,6369.6,6327.5,6353.5,6394.4,6411.7,6321.8,6231.9,6131.2,6021.5,5911.9,5872.6,5840,5795.7,5722.4,5649.1,5576.1,5503.1,5432.5,5416.3,5400.1,5453.8,5602.4,5751,5889.2,6024.9,6154.7,6260.8,6366.9,6658.6,7074.8,7491,8111.9,8733.2,9363.8,10008.4,10653,11005.4,11288.3,11521.9,11579.6,11637.4,11966.8,12452.9,12895.8,12577.5,12259.3,12265.3,12626.8,12988.3,13114.5,13215.8,13300.1,13350.6,13401.1,13480.1,13567.5,13595.3,13403.4,13211.5,13211.4,13311.3,13378.4,13170.6,12962.7,12918,13001.6,13093.7,13664.9,14236.2,14692.1,15022.8,15353.5,15489.8,15614.8,15853.9,16252.8,16651.7,16829,16979.5,17237.8,17678.4,18119.1,18374.6,18598.8,18790,18918.2,19046.4,19145.3,19238.4,19327,19406.5,19486,19485.2,19469.1,19532.2,19744.7,19957.2,19883.5,19762.6,19692.1,19705.6,19719,19832.5,19957.4,20050.6,20100.5,20150.4,20436,20732.9,20941.7,21058.6,21173,21208.8,21244.5,21241,21208.5,21150.6,20918.2,20685.8,20446.2,20203.2,20066.1,20259.4,20452.8,20591.5,20717.2,20907.4,21203.8,21500.2,21455.1,21393.3,21370.7,21382.5,21379.6,21268.5,21157.4,21112.9,21095.8,21088.6,21104.2,21119.8,21359.4,21622,21652.1,21460.9,21273.4,21112.1,20950.7,21045.3,21229.8,21368.1,21424.9,21481.7,21664.8,21849.2,22001.3,22133.6,22287.3,22502.9,22718.4,22820.9,22911,22990.2,23060.5,23141,23261.4,23381.8,23519.2,23659.2,23730.7,23740.5,23779.3,23937,24094.7,24057.8,23992.1,23952.1,23932.9,23945.6,24060.3,24175,24276,24376,24372.4,24307.2,24268.9,24285.4,24297.7,24204.9,24112.2,23986.7,23850.6,23710.9,23567.5,23417.7,23242.5,23067.4,23145,23242.1,23345.3,23451.6,23478,23388.3,23340.1,23517.2,23694.3,23666.7,23618.6,23459.9,23246.4,23132.8,23149.6,23162.3,23159.5,23156.7,22992.8,22826,22567.8,22281.5,22021.6,21782.9,21510.5,21174.9,20844.5,20543.7,20242.8,20255.7,20283.4,20040.8,19715.9,19724.4,19969.4,20090.8,20033.1,20011.7,20105.8,20192.8,20192.8,20192.8,20106.6,20012.5,19804.1,19560.6,19441.5,19399.2,19354.8,19308.1,19180.7,18899.7,18690.9,18743.4,18779.7,18661.5,18543.3,18444.5,18346.1,18364,18399.4,18406.4,18404.7,18372.3,18324.5,18229.4,18099.4,17937.6,17742.9,17637.7,17660,17758.2,18003.8,18103.1,17813.9,17630,17835.3,17968.4,17718.5,17477.8,17309.9,17136.8,16892.4,16654.8,16614.3,16573.2,16399.9,16226.6,16220.8,16218.2,15980.5,15734.1,15533.3,15334.8,15377.3,15432.6,15429.1,15422.6,15536.1,15654.6,15588.6,15517.6,15597.6,15675.6,15638,15597.4,15504.6,15387.9,15047.2,14769.1,14867.8,14935.2,14873.2,14792.5,14657.1,14561.2,14549.4,14497.6,14383.5,14331.5,14349.7,14230.4,13999.8,13737.4,13457.2,13415.8,13457.8,13336.5,13185.1,13219.5,13285.5,13649.7,13924.7,13827.1,13868.8,14203.5,14289.5,14080.8,14184.8,14497.7,14709.7,14887.6,15083.9,15273.5,15335.3,15384.6,15392.6,15377.4,15327.8,15175.2,14949.4,14493.3,13968.7,13655.7,13312.8,12776.6,12431,12411.3,12317.3,12169.7,12117.5,12092.1,12179.8,12291.9,12475.2,12671.4,12880.8,13205.5,13571.3,13919.2,14248.2,14519.7,14912.1,15422.2,15729,15978.5,16253.7,16560.8,16931.2,16961.3,16784.6,16903.5,17068.2,17301.3,17429.9,17464,17681,17902.1,17958.2,17895.2,17705.7,17288.6,16845.2,16535.7,15946.7,15078.7,14023.6,13024.5,12360.9,11954,11738.8,11989.1,12364.8,12947.9,13961.2,15089.3,15509.9,16029.1,16653.7,17116.4,17488.5,17691.4,17838.1,18005.2,18488.8,18477.3,18057,18214.6,18164.1,17803.3,17746.4,17663.8,17411.5,17335.9,17310.6,17269.8,17024,16753.1,16816.4,16472.4,15985.9,16057.5,15989.1,15882.9,16142,15976.5,15648,15992.6,15851.6,15539.3,15744.6,15453.1,15006.3,14811.1,14861,14887.2,14672.7,14228.7,13878,13727.6,13143,12462.8,11819.1,12159.3,11644.5,11009.1,11219.8,11130.7,11428.2,12249.6,11840.2,11899.4,12206.1,12462.2,12716.4,12976.7,13285.4,13938.3,13953.3,13785.5,13698.7,14211.2,14171.3,14235.5,15153.8,15196.9,15144.9,15155.7,15409.2,15453.7,15567.4,15406.1,14590.8,14407.5,13917.2,13700.9,13982.5,13181.7
1406.8,1638.2,1909.9,2181.7,2465.6,2754.1,3052.3,3501.2,3950.2,4362.9,4719.5,5076.2,5204.2,5247.3,5292.6,5367.5,5442.5,5501,5536,5571,5741.8,5955.9,6155.9,6240.2,6324.4,6387.6,6426.4,6465.1,6377.2,6261.4,6164.8,6155.5,6146.2,6068.3,5933.1,5797.9,5764.8,5741.3,5708.3,5651.6,5594.9,5518.1,5431,5348.9,5383.3,5417.7,5470.8,5549.2,5627.6,5779.8,5949.1,6091.4,6128,6164.5,6431.5,6853.2,7275,7891.6,8508.8,9158.2,9855.9,10553.5,10799.7,10938.5,11057.2,11104.5,11151.7,11526.8,12090.8,12603.2,12204.6,11805.9,11786.7,12183.5,12580.2,12679.6,12747.7,12787.2,12770.6,12754,12859.6,13001.2,13085.3,12956.9,12828.5,12829.8,12898.7,12937.2,12719.9,12502.7,12545.1,12791.9,13040.7,13407,13773.3,14148.5,14533.1,14917.8,15074.2,15217.5,15387.5,15595.2,15802.9,15969.9,16131.9,16370.7,16739.3,17108,17329.8,17526.9,17752.2,18031.2,18310.2,18320.4,18278.8,18291.5,18411.6,18531.6,18605.5,18670.5,18748.2,18849.7,18951.3,18901,18825.7,18780.3,18784.7,18789.1,18855.1,18928.2,19050.3,19239.3,19428.3,19670.7,19915.8,20108.6,20247,20382.7,20430.8,20479,20402.1,20233.4,20071.9,19960.9,19849.8,19693.3,19515.6,19399.5,19475.9,19552.3,19617.2,19679.3,19774,19922,20070.1,20173.6,20274.8,20270.4,20173.7,20103.3,20226.7,20350,20309.1,20201.2,20139.4,20182.6,20225.7,20386.8,20560,20611.5,20547.2,20473.4,20332.6,20191.8,20162.9,20173.4,20220.7,20333.3,20445.8,20650.9,20857,20968.8,21022.9,21114.5,21313.6,21512.8,21779.1,22052.8,22126.8,22037,21990.3,22113.4,22236.4,22325.7,22409.5,22475,22524.1,22587,22707,22826.9,22705.5,22548.5,22538.5,22648.1,22741,22780.4,22819.8,22981.1,23151.6,23155.7,23060.8,23052.9,23221.8,23380.1,23273.2,23166.3,22929.4,22649.7,22497.5,22488.1,22449,22289.9,22130.8,22116.6,22113.6,22157.2,22224.4,22270.9,22287.4,22323.3,22465.5,22607.7,22482.7,22331.2,22329.2,22401.2,22359.3,22168.7,22029.8,22091.2,22152.5,21926.5,21695.2,21452.6,21206.5,20953.9,20696,20422.5,20119.8,19803.9,19412.8,19021.7,19023.8,19044.7,19050.4,19051.5,19170,19371.9,19423.3,19257,19144.6,19204.1,19258.9,19255.7,19252.6,19259,19266.3,19107.3,18897.1,18737.2,18608.5,18458,18283.9,18181,18213.7,18255,18328,18368,18093.2,17818.5,17841.2,17870.4,17848.4,17818.6,17638,17411.2,17304.1,17256.4,17248.3,17269.3,17242.7,17167,17102.2,17053,17035.8,17080.7,17132.2,17201.1,17231.9,17121.7,17031.1,17044.8,17045.1,16937.6,16818.2,16537.2,16260.9,16122.6,15983.9,15744.3,15504.8,15433,15364.5,15182.5,14996.3,14966.9,14945.1,15014.3,15088.3,14964.4,14830.4,14891.9,14961.5,15080.7,15201.2,15159.9,15114.2,14909.3,14712.4,14649.7,14581.5,14462.5,14359.5,14353.2,14336.7,14278.1,14232.2,14223.1,14183,14077,14060.5,14183.8,14121.9,13850,13590,13339.4,13241.4,13227.7,13145.3,13039,12949.6,12863.3,12990.6,13113.1,13039.1,13003.5,13128.5,13279.4,13484.7,13616.1,13660.1,13758.6,13893.5,14239.9,14657.8,14643.1,14593.3,14718.5,14829.6,14894,14953.8,15007.1,14776,14342.6,13986.4,13653.1,13225.4,12841.2,12698,12385.1,11781.6,11509,11475,11601.1,11764.1,11799.2,11853.6,11964.4,12165.3,12458.9,12771.8,13091.6,13199.5,13430.4,14051.3,14538.9,14896.7,15018.7,15094.1,15561.8,15857,15807.9,15992,16317.7,16613,16817.9,16708.1,16791.1,17048.5,17290.9,17463.8,17283.4,17179.4,17156.7,16644.6,16058.4,15665.1,15005.5,14080.1,13388.4,12719.6,11983.4,11473.2,11131.7,11377.8,11779.5,12437.4,13161.2,13918.1,14724.3,15452.1,16096.1,16460.1,16651.1,16509.8,16935.8,17515.4,17482.7,17413.4,17313.9,17462.9,17511.3,17410.8,17185.4,16969.8,16822,16715.1,16587.5,16345,16111.7,15864.5,15526.6,15462.8,15534.9,15501.9,15337.4,15114.3,15058.3,15023.9,15011.6,15060.4,14951,14857.7,15305.5,15420,15189.9,14270.8,14369,14550.1,14156.5,14010.8,13733.3,13193.2,12827.9,12404.8,11919.4,11395.9,11180.3,11128.6,11120.7,11260.2,11321.1,11274.9,12021.2,12189.1,12080,12120.5,12434.5,12862.1,13262.9,12822.9,12719.9,12763.4,12862.2,13615.2,14018.6,14128.4,13986.6,14717.1,14884.4,14788.4,14894.6,14738,14494.9,14184.3,13825.2,13743.6,13297.3,12920.5,12835.6,12289.6
1299.1,1487.3,1705.6,1923.8,2255.9,2629.8,3000.1,3314.6,3629.1,3929.2,4206.8,4484.4,4618.2,4698.7,4780.4,4878.4,4976.5,5071.5,5162.2,5252.9,5347.2,5442.7,5545.1,5704.1,5863.2,5958.5,5979.6,6000.7,5972.7,5933.8,5870.9,5698.8,5526.8,5470.3,5510.4,5550.4,5445.6,5327.1,5240.1,5232.4,5224.7,5165.2,5079.1,4995.1,4958.4,4921.6,4946,5053.5,5160.9,5250.2,5335.3,5438.4,5612.2,5786,6077.6,6448.4,6819.2,7281.8,7744.6,8302.7,9003.5,9704.2,10033.8,10275.1,10456.8,10426.5,10396.1,10776.5,11393.9,11954,11505.1,11056.2,11005.7,11391.7,11777.8,11842.1,11872.6,11896.8,11908.8,11920.8,11955,11995.8,11998.5,11860.3,11722.1,11759.3,11887.8,11975,11715.1,11455.2,11469.3,11698.8,11930.8,12309.9,12689,12975,13159.8,13344.6,13548.1,13752.7,13972.6,14213.8,14455,14726,15000.6,15292.5,15613.7,15934.8,16103.7,16246.9,16435.6,16710.8,16986,16988,16937.2,16953.4,17101.9,17250.3,17308.3,17348.9,17352.1,17284.4,17216.8,17233.8,17264.8,17282.6,17278.3,17274.1,17343.1,17420.4,17552.5,17759.2,17965.8,18011.7,18049.8,18154.2,18327.7,18499.9,18632,18764.1,18727.4,18566.5,18405.9,18247.6,18089.3,17904.3,17706.7,17597.2,17762.7,17928.2,18041.5,18142.4,18284.2,18493.3,18702.3,18773.1,18837.2,18821.5,18736.1,18646.5,18525.1,18403.7,18390.9,18422.5,18451.3,18473.8,18496.4,18613.3,18740,18777.9,18731.4,18679.5,18589.1,18498.7,18453,18423.1,18429,18498.2,18567.4,18805.2,19044.9,19198,19298.2,19401.1,19511.9,19622.7,19914.1,20225.3,20344.4,20305.8,20267.9,20233.1,20198.4,20274.8,20369,20448.2,20513.6,20598.7,20764,20929.4,20899.2,20840.2,20857.5,20936.8,21000.6,21015.1,21029.6,21105.8,21186.6,21213.9,21209.3,21196,21164.6,21130.5,21025.5,20920.6,20799,20671.9,20556.9,20455.3,20352.2,20243.2,20134.2,20236.2,20354.4,20431,20486.7,20465.6,20332.7,20233.5,20317,20400.6,20396,20382.6,20337.2,20275.9,20297.5,20427.4,20498.6,20342.6,20186.6,20028.5,19870.3,19630.5,19365.5,19160.8,19004.5,18779.6,18425.9,18089.6,17853.2,17616.9,17530,17450.3,17383,17319.5,17409,17606.9,17694.1,17620.9,17591.8,17703.4,17797.9,17680.4,17562.9,17508.5,17459.8,17412.7,17366.2,17320.1,17274.3,17163.1,16980.4,16853.8,16834.1,16803.8,16735.2,16664.4,16572.3,16480.2,16426.8,16374.1,16210.4,16029.9,15988.8,15990.4,15992.4,15994.6,15938.3,15839.1,15775.7,15749.3,15788,15919.6,15996.6,15967.8,15949,15956.4,15968,15995.1,16002,15901.8,15781.2,15496.7,15223.4,15100.2,14975.2,14799.1,14623.2,14518.5,14413.7,14362.4,14312.2,14055.8,13791.8,13878.4,13982.1,14040.8,14097.1,14022.3,13940.7,13909.7,13880.8,13863.7,13847,13976,14099.1,13938.1,13781,13688.3,13601.7,13572.2,13512.3,13269.8,13090.3,13171.1,13226.6,13208.2,13140.9,12969.1,12865.7,12868.8,12855.8,12824.5,12677.2,12436,12318,12268.2,12076.1,11834.4,11865,11945.7,11992.1,12046.5,12227.9,12361.7,12297.1,12292.1,12412.2,12537.5,12668.7,12932.4,13284.6,13385.4,13401.2,13551.9,13707.3,13716.5,13794.9,14103.9,14149.5,13807.1,13625.6,13558.3,13304.4,12995,12493,12002.2,11605.4,11265.4,11022.6,10807.7,10613.1,10622.5,10689.3,11006.3,11279.6,11425.3,11515,11547,11735.2,11979.2,12339.2,12739.1,13257.8,13682.3,14015,14157.8,14247.1,14362.5,14523.4,14775.1,14954.4,15089.7,15167.8,15232.7,15268.1,15425.9,15694.3,15878.4,16007.6,15931.5,15920.5,15978.7,15572.9,15098.8,14818.2,14145.1,13080.3,12318.6,11697.9,11410.6,10994.5,10482.2,10780.3,11160.9,11612.1,12197.1,12848.7,13596.6,14092.4,14318.6,14697.6,15070.7,15380.3,15459.5,15502.2,15979.1,16067.9,15835.9,16122.4,16105.8,15647.8,15696.4,15722.1,15509.5,15407.8,15273.6,14908.7,15067,15343.9,15040.9,14602.5,14209.2,14626.3,14638.7,14425.3,14381.3,14221.8,14012.1,13945.9,13671.3,13365.7,13503,13568.8,13542.9,13305.6,13257.6,13149.5,12757.1,12711.4,12522,12025.6,11589.2,11150.8,10744.5,10668.5,10383.7,10156.8,10389.1,10072.9,10029,10463.7,10824.8,10860.5,10879.5,11402.7,11777.8,11719.5,11320.5,11731.4,12026,12289.3,12571.4,13017.7,13240.8,13299.5,13248.3,13220.5,13088.9,13024.8,13268.2,13574.7,13915.8,13871.8,12993.1,12556.1,12338.5,12317.6,12399.5,11980.8
1090.4,1318.3,1745.7,2173.1,2484.3,2752.8,3025.8,3369.3,3712.7,4000.4,4201.9,4403.4,4551.5,4679.7,4811.6,4992.5,5173.4,5271.8,5252.4,5233.1,5325.5,5453.6,5586.5,5759.1,5931.7,6051.8,6110.7,6169.6,6062.5,5918.8,5792.8,5746.9,5701,5633.8,5548.9,5464,5416.2,5371.8,5314.1,5222.5,5131,5094.2,5085.3,5076.2,5059.8,5043.5,5060.7,5123.5,5186.4,5304.6,5435.7,5564.2,5683,5801.7,6084,6476.1,6868.1,7319.6,7771.2,8276.1,8860.7,9445.3,9810.1,10122.6,10375.8,10417.6,10459.5,10739.6,11157.1,11537.8,11269.9,11002,10997.6,11282,11566.4,11663.1,11740,11809.6,11864.4,11919.2,11956,11987.5,11990.9,11890.6,11790.3,11816.2,11907.8,11956.4,11644.6,11332.7,11333.6,11580.6,11829.5,12192.7,12555.8,12856.7,13089.9,13323.2,13534.6,13744.8,13955.7,14167.6,14379.5,14578.2,14775.2,15026.5,15369.4,15712.3,15934.5,16136.5,16328.2,16500.6,16673,16639.8,16567,16565.8,16706.2,16846.6,16986.3,17125.9,17244.2,17322.3,17400.4,17291.7,17152.2,17056.9,17035,17013.1,17127.9,17258.6,17393.3,17533.8,17674.3,17823.2,17972.5,18091.2,18177.9,18263.9,18328.2,18392.4,18359.8,18255.8,18152.9,18057.5,17962.1,17828.4,17676.8,17587.1,17690.6,17794.1,17834.2,17859.3,17960,18185.3,18410.5,18528.3,18640.9,18636.6,18530.4,18438.2,18449.8,18461.4,18378.5,18256.9,18196.4,18274.8,18353.2,18497.5,18648.6,18673.5,18578.1,18477.9,18344,18210,18246.4,18342.6,18387.9,18343.4,18298.9,18515.2,18734.5,18873.2,18962.5,19119.5,19470.5,19821.6,19882.5,19911.5,19915.8,19899.7,19923.2,20102.9,20282.6,20386.2,20477.5,20478.1,20397,20332.9,20338.7,20344.5,20237.4,20113.4,20170.7,20374.9,20571.2,20741.5,20911.8,20931.7,20940.3,20939.9,20934,20908.9,20844.5,20779.2,20689.4,20599.6,20540.3,20491.2,20399.4,20260,20138.9,20092.7,20046.6,20073.8,20106.7,20119.9,20123,20140,20177,20210,20220.6,20231.2,20285.3,20343.8,20288.2,20176.1,20150.4,20237.4,20265.5,20065.8,19866.1,19648.2,19430,19293.3,19181.6,18976.2,18695.3,18411.2,18121.1,17839.8,17608.7,17377.6,17418.5,17472.4,17461.3,17430.5,17403.3,17378.6,17397.5,17479.7,17536.3,17511.7,17492.7,17542.4,17592,17567.5,17536.3,17423,17284.5,17145.8,17007.1,16924.1,16901.7,16830.3,16665.4,16525.5,16475.5,16423.6,16354.3,16285,16307.8,16332.6,16303.3,16265.8,16262.6,16269.9,16151.2,15970,15861.8,15807.2,15781.7,15786.4,15811,15864.1,15860.3,15746.3,15665.9,15674.7,15694.4,15754.7,15780.2,15621.6,15458.2,15256.4,15060,14935.7,14809.5,14630.7,14452.8,14460.2,14467.6,14312,14153.3,14050.8,13950.4,13904.4,13861,13746.3,13627.8,13750.8,13886.2,13974.3,14060.4,13894.7,13722.5,13703.6,13684.1,13608.8,13538.6,13552.3,13546.9,13360.5,13209.7,13273.2,13306.7,13216.1,13140.4,13108.8,13053.4,12947.2,12932.5,13060.3,13046.3,12871.8,12745.2,12657.5,12505.8,12318.9,12180.8,12059.7,11906.8,11748,11921,12104.7,12219.8,12338.9,12474.6,12540.5,12459.5,12468.6,12584.5,12734,12906,13207.7,13553.2,13446,13311.3,13494.9,13687.5,13910.2,13918.6,13611.1,13520.4,13583.7,13219.3,12727.9,12335.2,11962.8,11675,11375.2,11055,10812.6,10626.3,10747,10942.2,11031.1,11119.8,11208.1,11318.4,11451.2,11891.7,12442.1,12617.2,12837.1,13211.3,13482.3,13652.8,14034.6,14464.2,14651.6,14828.2,14983.1,15098.7,15190.3,15481.2,15712.9,15666.9,15675.7,15734.3,15906.3,16111.8,16379.5,16326.4,15932,15428,14902.4,14392.5,13748.6,12970.7,12141.4,11398.2,11015.6,10746.9,10563.3,10740.5,10996.5,11374.1,12113,12998.8,13806.8,14441.2,14890,15258.5,15538,15626,15920.9,16253.3,16230.3,16195.7,16151.6,15891.2,15812.2,15994.8,16016,15975.1,15854.3,16010.1,16004.1,15143.9,14729.7,14625.4,15083.9,14982.2,14590,14326.2,14042.6,13832.6,14272.4,14348,14169.9,13789.2,13564.6,13490.1,13742.2,14053,14180.4,13558.2,13378.1,13264.7,12973,12870.4,12659.4,12236.4,11760.1,11261.9,10763.4,10423.7,10255.4,10155.3,10012.9,10129.6,10396.8,10776.4,10622.4,10991.3,11410.4,11089.4,11389.7,11660.7,11836.1,12351.4,12362.3,12474.1,13044,12990.7,12889.5,13040,13799.7,13755.4,13947.9,13941.9,13094.5,13191.1,13310.5,13291.4,12992.2,12467.8,12194.2,12263.9,12561.4,11644.1
1319.1,1577.8,1891.7,2205.7,2537.9,2876.8,3214.4,3531.8,3849.2,4173.1,4507.3,4841.5,5036.4,5179.6,5319.4,5412.6,5505.9,5580.2,5627.5,5674.8,5768,5875.9,5985.9,6113,6240.1,6331.9,6382.5,6433.2,6384.2,6313.3,6221.3,6033.5,5845.8,5760.3,5760.2,5760.1,5693,5619.6,5553.4,5505.4,5457.4,5432.7,5419.7,5405.6,5363.5,5321.5,5336.7,5429.5,5522.4,5630,5741,5854.8,5979.2,6103.7,6387.3,6777.8,7168.3,7719.1,8270.2,8853.2,9483.7,10114.2,10454.4,10725.6,10952.8,11023.4,11093.9,11425.4,11907.2,12341.4,11935.3,11529.3,11519.2,11943,12366.9,12387.2,12365.1,12382.4,12477.5,12572.5,12627,12669.5,12671.2,12521.8,12372.4,12382.3,12475.2,12529.6,12262.3,11994.9,11969.2,12133.7,12303.6,12776.4,13249.2,13646.3,13961.2,14276,14412.1,14537.9,14762.1,15124,15485.9,15624.2,15735.3,15916,16214.1,16512.3,16701.1,16871.5,17047.9,17235.8,17423.8,17499.9,17554.4,17607.8,17659.3,17710.8,17881.7,18075.4,18191.8,18162.2,18132.5,18120.4,18111.2,18052.9,17912.9,17773,17952.7,18169.2,18358.4,18510.2,18662.1,18839.1,19017.5,19151.6,19239.9,19328.1,19416.4,19504.7,19492.3,19405.9,19298.5,19047.2,18795.9,18547.8,18301.4,18140.7,18248,18355.4,18544.8,18753.8,19003.2,19319.3,19635.3,19610.5,19569.2,19520.1,19464.2,19413.7,19403.1,19392.5,19287.3,19143.5,19062.3,19123.6,19184.8,19412.2,19656.6,19763.9,19740.5,19698.2,19521.8,19345.5,19356.7,19434,19440.3,19321.4,19202.6,19532.6,19867.8,19998.3,20003.7,20050.8,20217.4,20384.1,20625.6,20875.4,20984.5,20978.3,21002.1,21143.8,21285.4,21347.7,21397.2,21413.9,21401.1,21397.3,21430.6,21463.9,21473,21478.5,21572.3,21737.7,21864.4,21867.2,21869.9,21864,21857.5,21963.7,22137,22209.2,22076,21944.6,21859.4,21774.3,21608.1,21415.3,21319.6,21332.6,21327.8,21250.5,21173.1,21007.2,20834.5,20862.4,20991.3,21127.2,21273.3,21392.8,21367.4,21342.1,21459.3,21590.8,21491.6,21277.9,21139.4,21098.8,21073.9,21109.8,21145.7,20947.7,20745.5,20609.3,20493.4,20170.4,19680.3,19297.4,19115.2,18958.6,18949,18939.4,18585.4,18214.9,18193.7,18278.8,18395,18533.3,18592.6,18537.8,18525,18646.1,18757.4,18747.1,18736.7,18639.7,18534.8,18501,18489.2,18370.8,18186.8,18020.8,17874.4,17774.5,17762.7,17744.5,17703,17658.5,17586.3,17514,17454.9,17396,17409.7,17434.2,17207,16902.8,16833.4,16880.5,16883.5,16854,16769,16626.4,16554.6,16583.3,16630.1,16711.7,16775.4,16791.4,16810.5,16840.9,16839,16665.8,16499.3,16385.6,16260.7,15984.9,15712.9,15551,15389.8,15402.9,15416,15209.5,14998.7,14783.3,14567.8,14607.6,14659.9,14748.3,14838.7,14619.6,14384.7,14427.8,14482.5,14656.7,14833.9,14721.3,14611.3,14674,14718.5,14457.5,14217.3,14174.1,14142,14176.8,14164.5,13957.2,13797.5,13777.6,13744.6,13683.7,13666.2,13716.4,13642.9,13429.2,13326.6,13313.5,13278.2,13230.7,13036,12789.9,12669.4,12572.1,12782.9,12987.8,12919.4,12880.7,12965.7,13110.2,13379.8,13540,13570.8,13697.4,13888,14098.5,14315.7,14341.5,14351.6,14438.3,14487.9,14413.7,14495.7,14807.7,14735.3,14389.4,14113.5,13858.4,13426.7,12971.8,12432.6,12048.4,11929.7,11762.6,11560.6,11625,11758.4,11975,12161.6,12261,12387.2,12541,12600.3,12625.9,13179.1,13676.7,13980.4,14352.5,14791.2,15031,15219.1,15514,15751.6,15874.9,16046.8,16248.2,16566.7,16816.8,16783,16791.4,16837.8,16989.9,17129.2,17092.1,17048.1,16996.7,16488.1,15906.7,15487.2,14950.6,14297.4,13451.3,12651.3,12152.9,11892.8,11810.6,11658.8,11731,12291.8,13070.4,13922.9,14579.2,15225.5,15861.2,16329.2,16632.8,16588.9,16894.5,17291.4,17286.8,17175.3,16975.3,17083.9,16998.1,16629.7,16827.4,17033.5,17050.3,16890.5,16644.1,16288.5,16207.6,16188.5,15862.7,15506.7,15187.7,15231.7,15057.3,14832.7,15242.8,15097.4,14682.7,14764.5,14792.3,14839.9,15147,15182.2,15054.3,14785.3,14845.8,14828.4,14378.9,13681.1,13167.9,12995.9,12570.7,12113.6,11671.6,11549.5,11429,11251.5,10906.8,11057.9,11197.2,11218.3,11641,12039,12350.6,12443.3,12505.2,12675.9,12975.3,13332.7,13649.9,13758,13542.4,13480.1,13429.7,13690.2,14622.7,14453.7,14539.2,14838.7,15240.3,15331,15001,14351.1,13517.6,13517,13463.4,13348.3,13109.3,12271.5
1139.8,1351.2,1621.2,1891.2,2188.6,2496,2810.5,3235.1,3659.6,3986.2,4161.7,4337.1,4446.3,4530.9,4621.7,4796.8,4971.8,5075.2,5076,5076.8,5198.3,5358.4,5514.5,5637.3,5760.1,5820.9,5809.4,5798,5749.1,5691.9,5626.8,5525.8,5424.7,5349.1,5294.9,5240.6,5246.5,5258.1,5242.3,5157.7,5073.2,4963.4,4840.9,4726.1,4794.3,4862.5,4948,5056.9,5165.9,5225.7,5274.1,5349,5527.7,5706.4,5948.8,6234,6519.2,7054.7,7590.9,8149.2,8740.8,9332.4,9660,9924.7,10131.1,10129.6,10128.2,10389.4,10802.1,11177.8,10899.4,10621,10656.4,11035.8,11415.1,11450.9,11450.6,11492.7,11618.3,11743.9,11859.7,11972.6,12014.4,11793.9,11573.3,11550.4,11630.2,11678,11457.3,11236.6,11247.9,11441.7,11638.3,11991.3,12344.2,12653.2,12914.5,13175.8,13348.5,13516.1,13679.3,13836.2,13993.1,14195.9,14404.2,14666.6,15020.4,15374.2,15472.2,15527,15682.7,16030,16377.3,16323.4,16192.1,16177.4,16392.9,16608.4,16629.4,16613.2,16625.1,16690.1,16755.1,16798.5,16838.3,16828,16734.2,16640.4,16777.7,16941.5,17067.4,17141.5,17215.6,17364.2,17516.3,17688.1,17880.4,18067.5,18091.4,18115.3,18054.3,17931,17809,17695.9,17582.9,17425.5,17247.5,17145.9,17282.8,17419.7,17536.8,17649.2,17737.8,17787.3,17836.7,17944.3,18054.7,18096.6,18078.6,18051.1,17953.2,17855.2,17851.3,17885.9,17912.1,17919.3,17926.5,18108.9,18309.3,18411.7,18420.8,18406.4,18226,18045.7,18010.9,18027.2,18056.9,18110.5,18164.1,18354.5,18546.5,18686.4,18794.6,18907.4,19033.6,19159.8,19253.5,19343.7,19434.7,19526.3,19610.4,19665,19719.6,19832.6,19955.1,19972.9,19896.4,19866,20024.8,20183.7,20143.7,20074.3,20035.2,20020.8,20047,20202.7,20358.5,20343.5,20315.6,20319.7,20342.9,20373.8,20420,20460.9,20367.8,20274.6,20162.5,20044.3,19944.7,19866.2,19786.4,19701.3,19616.3,19587,19562,19619.4,19718.4,19833.5,19972.2,20063.3,19895.5,19727.8,19765.1,19822.9,19836.3,19827.7,19851.7,19918.2,19951,19853.1,19755.3,19578.1,19399.4,19134.7,18843.6,18659.6,18562.2,18316.6,17793.6,17353.9,17393.7,17433.4,17378.1,17318.2,17252.6,17185.2,17161.1,17167.7,17128.4,17022.8,17002.8,17256.2,17482.4,17372.5,17262.6,17167.5,17073.6,17004.9,16943.9,16909.7,16892.1,16774.4,16547.5,16359.2,16244.4,16180.8,16302.4,16390.8,16162.8,15934.7,15866.5,15801.7,15704.4,15602.2,15590.8,15607.2,15593.6,15565.1,15560,15572.1,15540.8,15464.7,15413.2,15396.7,15400.7,15444.4,15468.7,15441.9,15424,15439.1,15441.4,15376.6,15299.6,15124.4,14949.9,14785.7,14623.2,14510.3,14397.4,14305.2,14212.9,13949.6,13683,13610.1,13544.5,13589.5,13639.8,13540.5,13433.2,13480,13534.8,13528,13518.6,13590.6,13664.8,13707.1,13745.9,13638,13532.6,13471.5,13394,13163.2,12990,13164.6,13237.2,12888.5,12661.3,12791.2,12882.1,12890.2,12870.3,12806.6,12699.2,12541.9,12388.8,12239,12149.7,12093.9,11979.5,11844.7,11817.8,11810.6,11827.9,11863.4,12123,12326.4,12294.9,12289.2,12337.8,12426.7,12563.5,12613.4,12605.2,12901.9,13301.6,13332.6,13326,13352.8,13389.8,13460.6,13509.7,13526.8,13378.7,13113,12591.9,11994.9,11873,11726.2,11359.6,11029.5,10761.8,10581.4,10464.2,10465.9,10499.1,10596.9,10669.2,10667.1,10927.6,11458.4,11602.8,11609.3,11900.2,12226.3,12649.9,12960.2,13160.2,13580.3,14032,13901.8,13947.9,14345.9,14675.3,14962.9,14925.6,14918.3,15124.2,15299.6,15447.5,15143.4,14889.8,15367,15583.9,15524.1,15153.5,14708.5,14237.9,13603.7,12806.3,12099.2,11440.1,10903.1,10637.2,10573.7,10384.1,10402,10880.6,11696.9,12627.8,13252.2,13763.9,14155,14560.1,14912.4,15131.3,15129.2,15090.4,15455.6,15535.6,15379.9,15457.3,15375.1,15061.5,15226.1,15433,15558.8,15267.3,14966.4,15079,14824.6,14492.8,14595.7,14287.3,13797.3,13617.1,13532.6,13487.4,13295.2,13122.6,13038.3,13476.3,13608.2,13504.4,13065.5,13025.1,13141.3,13169.7,13191,13079.7,12662.6,12438.8,12042.5,11337.8,11179.7,10729.4,10061.9,9987.1,9956.1,10008.5,10241.8,10140.2,9974.3,9817.1,9980.1,10250.7,10397.9,9987.9,11205.2,11792.2,11466.6,11459.4,11649.3,11851.3,11971.6,13054.4,13164.1,12940.8,13083.9,13082.9,13448.3,13642.4,12908.6,12821.4,12788.5,12693.3,12433.2,12386.7,12203.5,11861.5,11393,11167.2
1241.4,1413.4,1613.9,1814.3,2080.2,2370.2,2665,3033.5,3401.9,3709.5,3923.1,4136.8,4207.5,4225.2,4249.3,4360.7,4472.1,4571.7,4654.3,4736.9,4809.9,4879.8,4958.5,5109.7,5260.9,5371.9,5436.1,5500.3,5450.2,5375,5293.1,5180.9,5068.8,4964.1,4865.4,4766.8,4736.2,4712.2,4689.3,4669.2,4649.1,4580.4,4486.7,4398.4,4436.2,4473.9,4530.8,4613.6,4696.4,4791.2,4888.7,4992.6,5121.5,5250.3,5485.1,5791.1,6097.1,6552.9,7009.1,7522.4,8121.3,8720.2,9017.4,9242.8,9423.8,9446.4,9469,9778.7,10254,10682.2,10280.3,9878.4,9823.2,10147.9,10472.6,10586.7,10678.6,10727.8,10692.8,10657.9,10725.6,10823.4,10892.4,10854.9,10817.4,10829.8,10868.3,10876.2,10628.3,10380.5,10391.6,10606.4,10824.7,11243.2,11661.7,11973.5,12169.5,12365.6,12537,12707.1,12885.6,13076,13266.5,13406,13539.3,13736,14040,14344,14534.1,14705,14900.1,15141.1,15382.2,15404.5,15384.5,15372.3,15375.7,15379.1,15462.6,15561.3,15663.4,15771.6,15879.8,15866.2,15832.5,15797.8,15761.5,15725.2,15782.8,15851.2,15958.7,16119.4,16280.2,16384.8,16486.8,16605.7,16742.2,16878.4,17003.8,17129.2,17045.7,16808.5,16589.6,16496.9,16404.3,16261.5,16095.4,15995.3,16101.5,16207.6,16342.5,16484.2,16603.8,16687,16770.1,16881.8,16994.8,17031.8,17002.4,16969.7,16912,16854.4,16821.3,16798.4,16807.7,16890.3,16972.9,17097,17225.3,17271.7,17240.2,17198,17079.7,16961.5,16875.2,16800.1,16774.6,16836.9,16899.2,17090.8,17283.9,17477.2,17670.8,17833.3,17906.6,17980,18141.9,18313.6,18372.9,18340,18359.8,18586.6,18813.3,18771.6,18686.7,18714.7,18844.4,18953.3,18976.8,19000.3,19024.9,19049.7,18996.5,18880,18809.2,18884.9,18960.6,19165.9,19381.1,19449.7,19431.3,19428.8,19458.6,19486.1,19456,19425.8,19246.1,19017,18911,18942.6,18938.2,18787.3,18636.5,18647.2,18670.3,18714.6,18769.5,18780.5,18727.8,18689,18725.8,18762.6,18700.6,18628.8,18608.2,18613.1,18600.5,18565.3,18546.2,18590,18633.8,18383,18126.9,17904.6,17692.7,17548.5,17459,17278.6,16927.6,16606.4,16455.9,16305.4,16234.2,16166.7,16143.5,16133.9,16218.5,16370.1,16421.9,16329.3,16269,16311.6,16337.3,16153.5,15969.7,16037.4,16128.1,16047,15912.9,15842.5,15811.4,15747.4,15647.7,15559.3,15492.7,15417.3,15310,15210.8,15189.4,15168.1,15210.2,15253.8,15064.7,14840.6,14802.5,14821.2,14815,14796.3,14802.8,14827.7,14773.7,14638.2,14535.2,14478.2,14500.9,14678.1,14801.3,14781,14752.5,14693.7,14627.9,14525.3,14418.7,14280,14141.6,14008.1,13868.4,13547.2,13227.2,13176.2,13125.2,13054.1,12982.7,12810.2,12634,12749.5,12879.3,12736.7,12579.5,12570,12568.1,12483.1,12394.6,12558,12727.9,12765.5,12798.8,12671.4,12545.2,12440.9,12354.2,12433.4,12477.3,12308.8,12136.1,11946.5,11827.2,11914.4,11978.3,11992.6,11935.5,11767,11621.7,11502.6,11486.3,11553,11381.5,11078.2,11035,11082.5,10998.3,10889.8,10857.6,10860.5,11277.7,11611.2,11595.2,11565,11504.8,11541.7,11693.5,11789.6,11848.2,11938.5,12039.3,12173.4,12320.7,12609.9,12810.2,12713.9,12702.9,12817.8,12681.4,12366.3,11885.9,11356.3,11044.6,10758.3,10559.5,10336.5,10072.4,9922.2,9854.1,9868,9901.4,9897.8,9905.8,9947.8,10078.5,10300.5,10577,10873.1,11339.2,11734.2,11902,12119.8,12386.4,12593,12777.4,12872.8,13103.5,13604.3,13721,13604.3,14121.9,14538.9,14387.8,14311.8,14303.7,14413.6,14574.4,14884.8,14805.2,14310.9,14112.7,13933.3,13496.4,12769.9,11754.6,11115.9,10569.4,10123,9804.6,9581.8,9776,10080.8,10568,11122,11695.5,12176.1,12732.3,13369.4,13945.3,14410.4,14624.8,14800.3,14894.9,14526.8,14472.7,14678.1,14764.1,14653.4,14269.8,14468.6,14650.4,14579.4,14369.1,14036.6,13430.7,13378.3,13496.2,13228.6,13138.9,13119.5,12910.1,12943.6,13076.9,12838.1,12740.6,12749.6,12891.8,12786.5,12624.3,12883.6,12939.3,12821.8,12416.4,12639.4,12616.7,11542.7,11491.2,11438.3,11109.7,10552.2,10030.8,9575.8,9359,9281.2,9294,9375.1,9179,9296.8,9860.7,9769.1,9820.6,9911.8,9878.6,10109.8,10168.3,10061.4,10486.2,10767.4,11005.8,11262.4,11834.1,12247.9,12279.5,11647.1,12102.2,12198,12166.3,12385.1,12067.2,11784.5,11746.4,12149.3,11914.8,11271.6,10931.2,11187,10256.4
1281.9,1494.5,1672,1849.5,2068.5,2302.6,2539.1,2811.8,3084.6,3341.2,3572.9,3804.6,3987.9,4153.2,4311.6,4375.7,4439.9,4529.5,4655.5,4781.5,4830.6,4855.2,4887.7,4984.8,5081.9,5179.6,5278,5376.4,5333,5258.3,5183.9,5110.8,5037.7,4970.6,4908.5,4846.4,4754.8,4660.4,4580.3,4536.2,4492.2,4504.3,4545.3,4581.5,4505.6,4429.7,4421.7,4505.8,4589.8,4735.6,4895.7,5044.9,5151.5,5258,5475.2,5766.7,6058.2,6552.4,7047.1,7573.1,8146.1,8719,8946.9,9092.8,9204,9191.8,9179.5,9504,10022.7,10497.6,10201.3,9904.9,9894.4,10197,10499.6,10556.6,10587.7,10631.7,10701.3,10770.8,10798.2,10813.3,10809,10733.3,10657.6,10697.4,10797.1,10857,10581.7,10306.4,10274.6,10434.3,10598.6,11022.6,11446.5,11772.7,11992.6,12212.6,12404.6,12595,12823.5,13105.4,13387.4,13490.1,13571,13715.6,13967.7,14219.9,14483.9,14749.9,14952.4,15034.3,15116.2,15181.1,15242.7,15326.1,15452.1,15578.2,15541.2,15472.9,15500.6,15709.6,15918.6,15838.3,15710.2,15663.6,15752.8,15842,15925.1,16007.6,16086.4,16160.3,16234.3,16422.5,16616.2,16773.3,16892.3,17010.6,17108.6,17206.5,17120.3,16898.7,16687.5,16548.2,16408.9,16330.6,16280.7,16247.2,16264.9,16282.6,16392.7,16524.9,16661.5,16805.4,16949.3,17051.7,17152.1,17165.5,17102.9,17041.9,16991.6,16941.3,16906,16876.7,16881,16961.6,17042.1,17162.2,17286.3,17331.4,17301.2,17246.5,17017.6,16788.7,16769.2,16823.2,16890.4,16981,17071.6,17194.7,17318,17444.1,17571.9,17740.7,18027.3,18313.9,18378.3,18418.2,18435.9,18435.3,18443.9,18488.9,18533.9,18655.7,18789.8,18885.6,18946.7,19003,19039.8,19076.6,19014.9,18938.6,18882.7,18843.4,18833.7,18918.9,19004.2,19063.4,19120.7,19131.8,19115.3,19080.3,19007.6,18940.3,19007,19073.7,19026.2,18941,18884.2,18859,18821,18730.3,18639.7,18589.4,18542.2,18513.8,18494.9,18513.5,18586.5,18663,18758.5,18854.1,18725.5,18574.5,18556.3,18603.9,18636.2,18648.6,18643.9,18573.5,18503.1,18239.3,17971.9,17830.8,17728.5,17504.6,17182.6,16878.8,16609.2,16360.5,16231.1,16101.8,15901.8,15698.4,15684.5,15728.2,15816.6,15936.6,15980.9,15915.4,15854.2,15806.6,15776.5,15962.9,16149.2,16013,15847.4,15774.5,15730,15619.9,15469.2,15401.6,15424.5,15383.6,15221.1,15092,15083.9,15051.8,14790.8,14529.7,14583.7,14644.5,14582.9,14502.9,14445.9,14396.1,14383.4,14389.2,14340.3,14251.3,14191.3,14161.1,14143.4,14143.4,14150.4,14170.9,14189.4,14202.6,14196.3,14118,14077.1,14234.1,14342.3,14058.3,13776.1,13517,13263.4,13168.1,13073.1,13027.5,12982,12806.3,12628.1,12557.8,12491.4,12490.9,12493.6,12396.1,12293.2,12309.2,12331.2,12296.1,12258.6,12258.2,12258.8,12382,12499.6,12352.2,12210.7,12169.5,12131.6,12124.7,12087.7,11869.8,11690.8,11672.4,11632.9,11531.4,11481.4,11541.3,11564.4,11530,11536.6,11589.6,11466.3,11200.5,11044.1,10948.1,10819.5,10679.5,10660.8,10664.5,10801.7,10935.8,10943.5,10957.4,10997.4,11056.3,11155,11249.2,11338.3,11392.2,11422.6,11544.3,11697,11913.9,12135.7,12327.7,12444.8,12311.5,12223.9,12203.3,12134,12030,11656.9,11203.8,10981.4,10725.9,10255.8,9865.3,9610.6,9523.5,9557.1,9596.1,9635,9614.8,9656.6,9879.6,10020.7,10077.4,10301.9,10586.2,11011.3,11331.7,11321.3,11607.9,12183.4,12395.1,12491.2,12395.2,12454.2,12822.4,13235.1,13674.9,13693.7,13694.1,13765.9,13885.9,14049.6,13897,13755.9,13999,14038.3,13860.8,13566.7,13245.7,12920.2,12385.1,11640.8,10921.5,10293.1,9992.2,9630.4,9223,9477.9,9803.6,10194.3,10716.6,11308.5,12036.9,12560.2,12864.1,13207.9,13543.5,13846.7,13976.4,14027.5,14039,14070.2,14117.7,14349.9,14352.3,14025.9,13985.1,13954.8,13843.2,13669.9,13474.5,13268.4,13179.4,13131.7,13028.6,12974.1,12925.1,12731.4,12519.4,12338.5,12477.8,12562,12597.8,12534.5,12382.8,12203.3,12134.8,12271.4,12376,12034.2,12139.2,12082,11306.4,11345.4,11293.2,10886.8,9782.5,9402,9654.8,9528,9343.4,9098.6,8760.4,8715.4,8901.1,9317.5,9819.1,9793,9559,9596.7,10002.6,10260.6,10303.7,10395.8,10174.2,10114.6,10510.5,10812.6,10894.9,11202.4,12254.4,11883.1,11620.6,11611.6,11988.1,11693.4,11522.1,11420.6,11294.6,11067.8,10780,10618.9,10628.3,10069.5
1195.9,1408.5,1713.7,2018.9,2374.8,2749.3,3122.1,3468.2,3814.2,4129.9,4398.6,4667.4,4814.7,4917,5019.7,5127.7,5235.7,5341.9,5445.6,5549.3,5609.1,5655,5719,5932.9,6146.7,6243.9,6205.4,6166.9,6105.4,6039,5975.9,5928,5880.1,5804.9,5706.9,5608.9,5626.2,5654.6,5614.3,5402.1,5189.9,5153.3,5206.6,5253.8,5156.5,5059.3,5072.8,5236.4,5400,5498.2,5581.2,5668.7,5773.6,5878.6,6176.8,6604.6,7032.5,7539.2,8046.1,8612.9,9269.4,9925.9,10239.1,10470.6,10651.8,10653.3,10654.9,11004.3,11554.4,12056,11701.8,11347.7,11307.6,11611.5,11915.3,11964.1,11986,12043.7,12171.9,12300,12403.2,12499.1,12538.8,12371.3,12203.7,12217.2,12324.9,12396.4,12164.2,11932,11902.8,12033.2,12167,12487.4,12807.8,13162.6,13554.9,13947.2,14074,14185.5,14393.9,14738,15082.1,15276.9,15453.6,15683.9,16005,16326.1,16500.8,16650.8,16803.9,16962.9,17122,17236.6,17342.7,17442.7,17530.9,17619.1,17685.6,17748,17850.8,18030.1,18209.3,18144.8,18040.1,17957.6,17912.2,17866.7,17922,17988.8,18119.4,18337,18554.6,18711.3,18865.1,18952.9,18972,18997.7,19233.2,19468.6,19432,19195.4,18982.1,18929.8,18877.6,18697.3,18457.4,18281.3,18304.4,18327.6,18463.6,18626.6,18786.1,18940,19093.8,19250.7,19407.6,19464.9,19435.1,19400.1,19326.1,19252.2,19168.1,19079.8,19035.8,19092.2,19148.6,19232.2,19318.7,19398.8,19472.9,19509.3,19278.5,19047.6,19039,19108.5,19144.9,19122.7,19100.6,19335.6,19573.6,19778.7,19963.5,20154.4,20362.5,20570.5,20674.1,20766.3,20788.3,20752.6,20750.6,20880.9,21011.2,21121.3,21228.1,21297.4,21333.1,21358.4,21340.7,21323.1,21229.3,21124.3,21128,21220,21302.4,21354,21405.6,21429.1,21450.5,21502.9,21573.7,21648.1,21729.6,21803.2,21675.9,21548.6,21294.8,20999.4,20806.4,20727.8,20662.4,20651,20639.6,20595.3,20548.5,20604.1,20711.3,20753.1,20699.6,20677.8,20828.1,20978.3,21041.8,21096.6,21007.9,20848.3,20725.3,20650.2,20599,20640.4,20681.8,20517,20348.5,20104,19836.1,19544.3,19233.2,18908.6,18558.8,18210.9,17874.2,17537.5,17565.1,17609.9,17626.5,17634.5,17691,17782,17779.8,17643.1,17563.6,17667.1,17748,17548.1,17348.2,17461.8,17604,17480.4,17275.1,17100.9,16946,16913.9,17015.9,17005.2,16780,16620.1,16696.1,16739,16465.1,16191.3,16286.5,16389.7,16243.9,16060.6,15980.9,15932.7,15845.4,15738.6,15755.7,15863.7,15876.7,15791.5,15725.5,15687,15652,15623.7,15587.4,15530,15490.4,15516.4,15529.4,15474,15418,15357.6,15288.5,15101.3,14914.7,14747.5,14580.1,14385.1,14190,14102.8,14017.6,13786.9,13550.8,13379.6,13211.6,13306.8,13416,13517.1,13617.8,13457.2,13285.6,13370.6,13462.3,13542,13618.7,13567.3,13514,13429.1,13347.1,13293.4,13224.1,13060.9,12927.8,12918.9,12886.7,12786.3,12736.2,12793.5,12811.1,12766.9,12698.8,12603.6,12472.5,12312.5,12137.8,11954.8,11796.7,11647.2,11691.7,11771.9,11684.3,11615.2,11894.7,12097.1,11977,11986.5,12268.7,12429.3,12445.7,12494.1,12563.9,12729.9,12928.5,13006.4,13077.1,13234.4,13377.8,13474.6,13449,13242.9,13057.3,12886.3,12551.2,12167.3,11840.8,11506.8,11124.1,10853.5,10774.6,10702.3,10634.6,10585.6,10543.9,10610.1,10691.5,10817.1,10966.2,11139.4,11403.3,11699.4,11817.7,11955,12158.4,12580.6,13215.7,13452.6,13595.1,14111.8,14518.7,14706.5,14697.7,14569.5,14741.3,14920.2,15027.2,15285.2,15680,15501.5,15318.2,15694.9,15791.1,15589,15171.6,14696.3,14167.9,13484.1,12645.2,11999.5,11413.5,10926.4,10472.1,10042.5,10303.5,10630.9,11010.1,11600.7,12296.7,13146.8,13808.4,14268.7,14846.8,15198.3,14959.2,15283.7,15796.1,15953.2,15807,15410.3,15445.3,15487.4,15526.3,15599.3,15587.3,15372.2,15488.2,15486.8,14726.2,14425.4,14390.3,14663.4,14474.9,14071.4,13939.6,13736.7,13510.5,13437.8,13443,13476.1,13371.9,13380,13436.2,13417,13231.8,13157.7,13749.2,13771.3,13423.3,12637.8,12096,11747.3,11620.8,11221.6,10580.1,9830.1,9995,10129.6,10177.4,10015.9,10199.3,10408.6,10571.7,10796.3,10888.9,10891.1,10845.4,11264.8,11715.2,12099.9,12321.7,12072.3,11894.5,12117.7,12469.8,12593.4,12800.4,13449.5,12887,12774,12813.3,12529.2,13233.5,13181.3,12658.1,12076,12419.7,12546.8,12305.1,11642.5,10971.3
1041.1,1197.1,1421.5,1645.8,1936.8,2252.2,2566.2,2857.7,3149.1,3390,3553,3716,3777.7,3801.9,3832.7,3954.2,4075.7,4152,4163.9,4175.7,4253.3,4351.7,4449.4,4540,4630.6,4699.5,4743.2,4787,4742.2,4677.9,4614.1,4552.3,4490.5,4419,4339.4,4259.8,4260.2,4268.2,4249.5,4164.2,4078.9,4023.6,3983.7,3945.5,3948.5,3951.5,4000.5,4111.9,4223.3,4286,4337.5,4402.1,4517.6,4633.1,4820.6,5056.4,5292.2,5744.8,6197.9,6678.2,7199.3,7720.4,7884,7962.4,8045.4,8144.3,8243.1,8525.5,8913.8,9265.5,8974.4,8683.3,8633.2,8847.1,9061.1,9145,9215.2,9286.3,9359.1,9431.9,9427.4,9400.2,9375.1,9357.4,9339.7,9402.7,9507.7,9581.1,9389.5,9197.9,9167.4,9263.7,9363.8,9682.6,10001.4,10259.3,10451.1,10643,10817.4,10990.8,11175.9,11377.1,11578.4,11725.1,11865.2,12053.6,12323.6,12593.6,12738,12861.3,13010.4,13208.3,13406.3,13433.1,13426.9,13421.6,13418,13414.4,13491,13582.8,13679.9,13786.7,13893.5,13898.7,13887.1,13862.5,13816.3,13770,13794.1,13826.3,13936.4,14152.9,14369.4,14487.3,14600.5,14687.9,14748.6,14808.5,14846.4,14884.2,14832,14713.6,14599.9,14519,14438.2,14292,14115.4,13992,14034.9,14077.8,14214.8,14374.2,14531.7,14686.3,14840.8,14892,14938.1,14961.5,14965,14948.6,14785.3,14622,14621,14686.4,14742.3,14776.5,14810.7,14953.3,15107,15143.5,15068.3,14989.6,14885.9,14782.2,14787.2,14830.4,14888.5,14972.6,15056.6,15312.1,15569.6,15740,15857.3,15952.3,15982.9,16013.6,16087.6,16166.4,16230.4,16282.5,16351.7,16488.6,16625.6,16690.7,16744.4,16807.5,16879.2,16959.7,17076.4,17193.2,17141.6,17065.2,17003.9,16954.9,16964.6,17161.9,17359.3,17469.4,17572.9,17607.5,17601.1,17557,17436.5,17321.7,17348.8,17376,17279.1,17141.4,17030.3,16949.1,16867,16781.9,16696.7,16715.8,16743,16829.7,16946.6,17035.5,17083.7,17112.7,17037,16961.4,16924.6,16891.8,16821.2,16732,16776.2,16994.2,17150.9,17069.9,16989,16844.7,16699.3,16599.5,16513.6,16301.5,15987.7,15656.4,15292.6,14956.8,14782.4,14607.9,14769.3,14946.6,14838.9,14644.4,14676.4,14869.4,14919.3,14762.3,14693.6,14906.1,15098.2,15035.5,14972.9,15010.2,15056.6,14955.4,14808.8,14675.4,14550.3,14475.1,14454.4,14385.5,14224.8,14111,14167,14222.3,14271.7,14321,14136.9,13947.7,14007.4,14104.7,14009,13854.4,13697.1,13538.6,13500.1,13549.7,13565.7,13546.9,13525.1,13498.9,13539.6,13710.2,13804.1,13694.1,13603.5,13584.1,13571.4,13593.2,13582.7,13312.4,13048.5,12871.8,12701.5,12713.4,12724.7,12572.9,12421.1,12346.7,12273.8,12134.7,11993.2,12009.6,12033.7,11963.7,11888.7,11976.2,12072,12004.5,11930.3,12067.4,12210.1,12136.5,12061,11950.2,11836.6,11676,11525,11463.5,11404,11356.8,11295.8,11177.5,11136.4,11321.8,11458.5,11491.2,11479.9,11399.7,11303.2,11188.1,11057,10913.1,10850.3,10832.4,10748.5,10641.7,10504.6,10362,10476,10609.2,10833.9,11053.1,11249.3,11373.2,11345.2,11362,11432.1,11682.3,12053,12171.8,12205.6,12293.2,12396.4,12644.1,12861.1,12976,12981.2,12824.8,12688.5,12566.3,12239.4,11851.7,11542.4,11255.3,11067.8,10820.5,10471.3,10328.9,10335.6,10367.8,10413.8,10755.1,10975.8,10845,10937.6,11260.1,11380.6,11429,12027.1,12576.1,12950.8,13211.1,13360,13404.4,13445.2,13972.3,14384,14565.5,14720.1,14858.3,15018.8,15194.2,15416.5,15419.5,15224.4,15307.8,15457.3,15673.1,15629.2,15309.3,15181.3,15037.5,14573.7,13783.1,12666.4,11979.3,11464.2,11316.6,11064.4,10734,10729,10802.1,11000.2,11710.8,12610.8,13207.3,13805.2,14404.7,14776.7,15151.5,15605.5,15897.4,16053.6,15727,15675.9,15852.4,15989.9,16011.9,15872.9,15474.5,15226.4,15411.2,15257.8,15036.6,14942.6,15048.4,15155,14815.3,14322.9,13852.5,14100,14173.8,14123.3,13937.1,13675.7,13490.6,14143.6,13951.1,13445.3,13763.2,13970,13979.6,13466,13620.2,13781.2,13452.7,12462,11759.2,11662.4,11503.8,11049,10415.9,10567.8,10257.4,9876.8,9938.9,9943.1,10059,10325.4,10394.4,10708,11024.8,10934.1,10851.4,10991.6,11424.6,12315.3,12533.5,12591.5,12775.5,12671.3,12571.6,12519.2,12565.7,13092.7,13333.7,13311,13083.2,13468.3,13407,13180,13145,12902.8,12092.8,11523.6,11699.8,11991.9
1157.5,1305.2,1509.4,1713.5,1983.1,2276.8,2575,2945.2,3315.3,3577.1,3671.8,3766.5,3901.8,4052.3,4198.9,4292.9,4386.9,4436.8,4423.7,4410.6,4478.1,4571.2,4668.1,4796.5,4924.8,5039.7,5139,5238.2,5223.1,5182.7,5125.9,4994.2,4862.4,4822.5,4859.2,4895.9,4835.5,4766,4684.4,4572.7,4461,4431.6,4444.4,4454.1,4390.3,4326.6,4328.8,4420.5,4512.1,4624.4,4741.4,4850.6,4928.8,5007.1,5225.3,5537.5,5849.7,6365.6,6882,7369.5,7813.8,8258,8453.1,8588.8,8709.1,8774.6,8840.1,9191.1,9706.9,10174,9783.5,9393.1,9288.4,9496.8,9705.2,9759.6,9797.8,9867.4,9998.8,10130.2,10177.3,10199.5,10187.4,10048.7,9909.9,9933.9,10042.5,10109.9,9831.4,9552.8,9525.3,9695.2,9867.7,10182.2,10496.6,10793.7,11071.7,11349.8,11489,11620.3,11771.6,11951.1,12130.5,12258.7,12380.6,12534,12740.9,12947.7,13138.3,13326.1,13519.3,13722.4,13925.6,13922.4,13879.4,13880.9,13970.2,14059.6,14099.2,14129.4,14191.7,14314.9,14438,14353.6,14235,14176.4,14217.9,14259.4,14229.4,14191.2,14255.2,14458.8,14662.3,14839.5,15015.3,15101.9,15095.4,15093.8,15250.5,15407.1,15369.8,15189.7,15011.7,14847.4,14683.2,14594.5,14541,14518.2,14591.1,14664,14718.8,14769.3,14862.3,15025.4,15188.4,15281.4,15371,15383.1,15327.7,15265.4,15152.4,15039.5,15068.3,15155.1,15256.8,15392.8,15528.8,15633.8,15735.6,15787.7,15792.5,15786,15699.4,15612.9,15568.5,15538.9,15599.5,15819.1,16038.7,16078.1,16115.5,16311.4,16604.2,16853.3,16976.9,17100.4,17193.1,17282.5,17374.1,17467.7,17536.7,17509.2,17481.6,17576.6,17691.1,17869.7,18105.9,18293.6,18282.1,18270.6,18258.1,18245.4,18260.6,18298.3,18370.8,18554.4,18738,18821.4,18897.4,18978.4,19062.4,19128.6,19158.5,19185.9,19152,19118,18944.6,18725.4,18588,18542.1,18506.5,18513,18519.4,18556.6,18596.1,18649.1,18708.8,18770.9,18836.3,18902.2,18971.4,19040.6,18928.4,18798.2,18721.1,18670.5,18718.7,18896.1,19053.9,19136.2,19218.5,19003.5,18783,18626,18488.5,18328.5,18150.6,17965.8,17768.4,17584.2,17476.5,17368.8,17276,17183.8,17175.9,17193.6,17277,17407.1,17467.4,17427.1,17442.9,17637.7,17819.5,17839.3,17859.1,17759.1,17648.1,17629.3,17639,17641.6,17639.7,17550.4,17365.6,17219.2,17145.5,17084.4,17068.3,17052,17033.5,17015.1,16950.1,16884.2,16788.5,16688.3,16533.7,16362.4,16401.6,16545.2,16535.6,16413.7,16336.9,16306.7,16261.7,16195.5,16205.8,16364.5,16460.9,16391.7,16352.7,16424.8,16460.6,16303.9,16166.9,16188.5,16189.1,15905.7,15628.2,15522.4,15417.2,15421.4,15425.5,15215.8,15001.9,14843.2,14686.5,14768.8,14862.8,14816.5,14762.7,14672.8,14580.9,14653.4,14732.7,14813.5,14894.4,14810.6,14726.1,14639.2,14548.5,14392.1,14240.4,14131.7,14032.6,13991.6,13947.5,13890.7,13803.5,13626.8,13510,13520.9,13629.1,13888.7,13909.9,13661,13487.6,13375.3,13267.3,13161.7,13263.2,13437.2,13377,13273.7,13302.2,13365.8,13809.7,14196.1,14342.7,14526.9,14790.2,14923,14901.3,15048.9,15309.5,15694.5,16121.4,16296.3,16447.7,16655.3,16836.9,16931.6,16979.5,16958.3,16907.6,16835.7,16393.3,15841,15732.2,15575.8,15090.2,14660.8,14327.7,13958.4,13563,13525.7,13587.3,14016.4,14351.7,14413,14608.7,14942.7,15247.4,15541.5,15850,16221.9,16790,17361.3,17935.8,18199.9,18374,18538.1,18786.9,19204.4,19398,19455.5,20013.5,20489.1,20506,20558.8,20644.3,20721.8,20794.3,20847.8,20846.2,20785.9,20204.5,19579.4,19351,18674.1,17549.4,16430.3,15389.5,14641.5,14212.8,14022.6,13814.6,13915.9,14681.8,15586,16544.8,17456.7,18257.9,18940.8,19515.7,19997.2,20285.5,20432.4,20505.8,20479.2,20644.8,20969.2,21049.2,20997.6,20768.5,20636.3,20619.3,20825.2,20417,19962.1,20001.6,19844.6,19561.5,19083.2,19059.5,19239.8,19100.9,19007.9,18895.5,18423.5,18296.4,18313.2,17863.7,17976.4,18358.3,18507.6,18472.5,18301.9,17947.1,18002.2,17891.4,17082,16948.8,16600.4,15750.4,15375.8,14842.2,14237.1,14443.9,13976.1,13364.3,13278.2,13393.8,13436.2,13354.4,13759.3,14149.8,14513.9,14822.5,14761.7,14834.9,15184.9,16117.6,16113.7,15960.4,16115.9,16520.5,16668.2,16727.4,16881.6,17417.1,18107.2,18485.8,17923.6,18099.9,17888.2,17422.5,16913.6,17238.9,17335.7,17092.8,16494.3,16012.8
1135,1320.8,1526.3,1731.9,1928.2,2121.1,2321.3,2634.3,2947.4,3211.2,3399.1,3587,3755.9,3917.8,4074.4,4159.1,4243.9,4313.1,4359.8,4406.5,4459.7,4515,4583.9,4764.5,4945.1,5076.3,5150.2,5224,5146,5034.6,4930.5,4859.6,4788.7,4716.2,4642.4,4568.6,4519.1,4472,4412.4,4321.5,4230.6,4193.6,4184.2,4175.1,4172.5,4169.8,4210.8,4310.7,4410.7,4518.6,4628.3,4740.8,4863.7,4986.6,5168.2,5389.1,5610,6094.2,6579.1,7092.9,7649.8,8206.7,8431.2,8576.6,8686.3,8668.9,8651.4,8939.9,9404.8,9825.9,9473.9,9121.8,9091.8,9414.9,9737.9,9780.7,9794,9851.5,9996.1,10140.6,10102.7,10011.1,9913.7,9794.9,9676.2,9701.8,9802.7,9877.5,9733.5,9589.5,9555.8,9609,9667.5,10024.1,10380.7,10658.7,10851.3,11043.9,11275.2,11508.7,11732.3,11941.9,12151.5,12237,12307.5,12456.3,12737.5,13018.6,13159.7,13277.2,13425.5,13632.5,13839.5,13823.8,13765.1,13759,13856.6,13954.3,14060.3,14168,14280.3,14401.2,14522.2,14351.8,14133.3,14037.4,14145.5,14253.7,14316.9,14374.9,14457.4,14573.5,14689.5,14781.9,14873.2,14938.2,14975.9,15016.7,15151.4,15286.2,15267.5,15135.9,15022.4,15033.7,15044.9,14881.4,14636.4,14457.8,14486.6,14515.5,14641.3,14790.3,14925.6,15038.2,15150.8,15256,15360.8,15396.3,15371.3,15341.3,15275.2,15209.2,15179.6,15165,15212.8,15402.2,15591.7,15747.7,15900.3,15970.3,15961.7,15935.2,15782.1,15629,15627.2,15678.5,15748.9,15852.8,15956.8,16166.8,16378,16477.6,16509.1,16594.1,16832.9,17071.7,17243,17406.9,17492.1,17512.7,17557.1,17695,17832.8,17893.9,17942.5,18041.8,18186.6,18318.1,18395.2,18472.2,18454.4,18422.6,18424.2,18453,18500.3,18607.1,18713.9,18825.3,18937.2,19005.2,19047.2,19077.7,19085,19090.3,19046.1,19001.9,18995.2,19000.8,18996.1,18979.8,18936.3,18782.1,18627.9,18599.9,18581.7,18694.9,18874.3,18962.3,18917.3,18891.2,18967.6,19044,19003.9,18952.2,18895.1,18835.5,18880.9,19063.3,19206.5,19197.9,19189.3,18980,18767.1,18594,18433.1,18273.2,18114.2,17942.2,17745.8,17546.5,17330.3,17114.1,17126.8,17150.4,17145,17130.8,17197.5,17321.7,17459.6,17617.2,17711.1,17601.6,17513.5,17690.1,17866.8,17776.2,17661.4,17608.7,17575.1,17533.4,17486.8,17370.7,17179,17043,17013.2,17000.7,17051.1,17078.3,16884.3,16690.4,16767.9,16851.2,16722.1,16561.1,16474.3,16410.1,16273.4,16100.6,16123.7,16290.3,16341.5,16273.5,16203.3,16129.9,16161.8,16398,16562.1,16534.5,16492.6,16398,16306.8,16233.1,16150.4,15995,15836.9,15642.9,15455.2,15450.7,15446,15399.7,15353.4,15226.2,15097.5,14843.9,14585.7,14586.6,14600,14641.8,14685,14626.5,14562.8,14586.9,14614.6,14717.4,14822.3,14817,14806.2,14575.2,14348.7,14197.4,14062.4,14079.3,14071.8,13917.1,13779.6,13713,13628.5,13491.4,13469.4,13692.6,13785.7,13676.1,13604.9,13577.1,13482.3,13333.5,13253.7,13212,13214.7,13232.9,13183.2,13121.1,13346.3,13578.8,13726.9,13863.4,13951.7,14131.3,14502.8,14772.4,14921.3,15184.9,15525.2,15679.2,15770.4,16048.1,16337.7,16502.1,16646.6,16724,16802.9,16883.8,16862,16767.2,16365,15871.6,15588.1,15271.4,14744.2,14324.9,14090.2,13847.9,13600.1,13641,13763.6,14258,14665.5,14819.3,14863.7,14795.4,15090.6,15515.7,15901.1,16315.8,16822.8,17158.6,17327.7,17857.5,18464,18569.1,18763.2,19134.7,19388.4,19570.7,19693.5,19863.3,20221.1,20437,20524.6,20505.4,20470.2,20459,20512.8,20635.7,20074.3,19440.7,19247.7,18655,17663.4,16386.4,15198.9,14538.7,13989.9,13524.2,13925.6,14345.2,14690.2,15525.8,16562.2,17506.7,18350.5,19086.7,19600.6,19951.5,19975.8,20030.9,20171.1,20827.5,20989,20741.6,20729.4,20613.6,20345.3,20236.7,20108.4,19876.8,19812.1,19713.9,19321.6,19124,19068.8,19296.2,19032.3,18565,18559.4,18653,18778.8,18687.6,18485.6,18255,18295.4,18182.7,18049.3,18252.1,18010.1,17737.8,18078.5,18144,17966.7,17428.1,17031.8,16593.8,16055.9,15053.3,14247,13720.3,13992.8,13551.6,12974.5,13001.2,13377,13644,13706,14263.3,14525.9,14592.8,14570.8,14216.7,13933,13945.2,15312.3,15407.5,15526.2,16430.7,16893.6,16932.5,16784.3,16702.9,16802.8,17154.8,17500.6,17486.4,17856.1,17800.8,17405.3,16814.8,16958.6,16839.6,16461.6,15821.9,14827.7
1207.7,1433.3,1682.7,1932.1,2161,2382.5,2607.2,2881.4,3155.7,3418.1,3662.3,3906.6,4085.8,4241,4386.8,4404.8,4422.8,4508.7,4691.6,4874.4,4923,4928.7,4953.1,5131.9,5310.6,5434.2,5493.6,5552.9,5483.1,5384.7,5297.7,5262.3,5227,5171.9,5100.3,5028.7,4982.6,4938.9,4895.6,4853.1,4810.6,4713,4587,4470.6,4577.3,4684.1,4781.9,4867.6,4953.4,5030.9,5106.5,5191.3,5312.1,5433,5625.4,5865.7,6106.1,6635.9,7166.5,7703.6,8250.4,8797.1,9067,9271.1,9441.5,9492.2,9543,9860.6,10332.2,10759.7,10410.2,10060.8,10026.7,10338,10649.3,10643.3,10603.9,10615.1,10725.7,10836.4,10853.1,10842.1,10812.5,10714,10615.5,10641.5,10732.3,10786.8,10536.8,10286.7,10262.6,10416.2,10571,10794.2,11017.4,11296.2,11635.3,11974.4,12207.5,12434.5,12641.2,12819.5,12997.7,13090,13171.8,13370.8,13767.8,14164.9,14300.6,14392.3,14518.2,14708.9,14899.5,14902.9,14870.2,14887.1,15002,15117,15254.4,15396.3,15490.9,15496.5,15502.2,15422.8,15329.5,15259.7,15229.3,15198.9,15272.1,15357.4,15504.6,15736.5,15968.3,16061,16147,16252.4,16378,16500,16511.2,16522.3,16517.7,16501.4,16464.8,16288.5,16112.3,15903.9,15680.6,15529.7,15605.1,15680.5,15871.9,16090.9,16306.3,16515.8,16725.3,16613.1,16485.3,16464.6,16537.4,16594.5,16535.7,16476.8,16490.4,16533.6,16589,16672.1,16755.1,16900.7,17052.7,17117.2,17098.5,17077.8,17043,17008.2,16978.3,16950.2,16981.9,17119.2,17256.5,17487.1,17718.7,17865.8,17961.3,18067.4,18204.2,18341.1,18552.5,18772.1,18898.6,18948.5,19013.3,19136.9,19260.4,19328.3,19387.3,19517.9,19713,19865.3,19841.9,19818.4,19876,19945.5,19976.4,19975.8,20019.2,20203.2,20387.2,20464.3,20533.3,20536.9,20501.6,20516,20631.7,20744.7,20792.5,20840.4,20752.4,20619.8,20517.9,20450.4,20390.1,20358.8,20327.5,20226.9,20120.9,20194.3,20358.1,20441.1,20406.6,20391.5,20482.3,20573.1,20626.8,20676.7,20723.2,20768.1,20781,20752.4,20735.9,20766.2,20796.6,20670.2,20540.9,20375.9,20200,20006.7,19799.4,19592.2,19385.3,19164.5,18863.9,18563.3,18570.7,18592.7,18640.9,18697,18834.7,19030.3,19166.2,19215.7,19258.8,19281.7,19309.1,19392.8,19476.5,19364,19233.6,19125.4,19024,19005.1,19037.3,18953.1,18742.1,18619.8,18666.4,18665.7,18493.6,18335.3,18309,18282.8,18276.8,18271.1,18172.3,18059.4,17960.7,17866.5,17745.7,17611.8,17682.7,17904,17979.2,17903.6,17846,17813.9,17794.3,17799.1,17810.2,17837.7,17855.2,17836,17818.6,17811.1,17774,17499.7,17236.6,17123.8,17009.6,16851.7,16694,16595.7,16497.3,16428.3,16359.8,16189.4,16015.2,16067.2,16130.1,16119.4,16104.6,16051.5,15996.4,15965.1,15934.8,15926.5,15918.7,15914.7,15909.5,15844.8,15776.8,15653.3,15525.3,15355.7,15203.1,15152.4,15081,14924.3,14791.2,14727.4,14719.2,14829.8,14885.2,14854.7,14756.8,14582.8,14516.7,14538,14500.6,14430.8,14394.2,14369.1,14383.9,14405.9,14491.8,14585.8,14747.5,14930.7,15203.2,15461.6,15690.5,16011,16440.2,16668.4,16762.4,16970.7,17217.5,17340.4,17462.9,17778.1,18060.1,18231.5,18354.7,18407.1,18313.3,18115.6,17701.4,17223,16899.5,16559.6,16105.7,15642.1,15161.9,14959.9,14958.6,15021.8,15102.9,15257.4,15442.5,15717,15991,16264.5,16582.9,16917.4,17432.7,17897.5,18198.6,18556.1,18968.5,19396.6,19814.9,19969.9,20221.2,20664.7,20873,20938.4,21372.9,21726.2,21667.1,21895.7,22384.5,22227.8,22034.1,22304.2,22429.3,22400.2,21621.3,20761.6,20375.3,19645.3,18572.3,17704,16830,15798.9,15296.3,15188.1,14800.2,14792.4,15635,16603.7,17617.2,18538.9,19460.4,20381.5,21028.5,21583.6,22002.3,22225.6,22369.7,22537.7,22694.1,22840.9,22727.2,22712.3,22844,22492.4,22079.6,21707.6,21454.7,21286,21280.7,20995.9,20729.6,21186.7,20919.4,20307.4,20070,19988.2,19974.2,19752.8,19658.8,19671.3,19876.8,19706.4,19383.4,19356.7,19472.9,19590.3,19479.9,19174.4,18827.3,18530.3,18213,17805.9,17270.5,16685.1,16025.4,15370.4,15355.6,14907.9,14439.2,14515,14434,14374.1,14406.4,15196.5,15763.9,16097,16101.4,16029.2,16029.3,16191.4,16944.8,17013,17158,17831.4,18128.3,18254.9,18645.3,19809.8,19522.8,19221,19114.2,19425.6,19330.2,19043,18692.1,18415.9,18302.6,18228.7,18027.6,17562,16670.6
1272.5,1479.3,1768,2056.6,2312.9,2557.2,2808.1,3159,3509.8,3802.1,4004,4205.8,4388.6,4564.4,4730.7,4768.1,4805.4,4887.8,5034.4,5180.9,5280.2,5364.5,5453.6,5582.6,5711.6,5789.6,5808.3,5827,5800.4,5763.8,5723.9,5669.2,5614.4,5568,5528.6,5489.1,5460.7,5433.4,5384.9,5283.2,5181.6,5080,4978.4,4884.1,4957.9,5031.7,5080.6,5095.9,5111.2,5211.3,5331,5461.7,5635.3,5809,6037.8,6303.6,6569.5,7172.8,7777,8398.4,9045.3,9692.3,9959.1,10135.5,10283.3,10329,10374.8,10705.2,11199.7,11649,11301.8,10954.6,10928.3,11253.7,11579.1,11531.9,11445.6,11421.7,11520.6,11619.6,11679.7,11728.4,11738.2,11604.5,11470.8,11536.1,11705,11825.9,11543.7,11261.5,11249.8,11451,11654.3,11980.7,12307,12565.4,12749.8,12934.2,13143.9,13355.1,13593.4,13869.7,14146.1,14313.7,14468.1,14683.7,15002.8,15321.9,15512.1,15680.6,15847.9,16013.1,16178.4,16156.3,16098.1,16136.9,16367.2,16597.5,16768.1,16927.3,17054.3,17120.7,17187.1,17057.1,16894.7,16833.2,16939.8,17046.5,17037.6,17015.5,17032.4,17102.7,17172.9,17414.9,17665.2,17840.2,17936.6,18033.8,18153.3,18272.8,18241.5,18099.4,17948,17732.7,17517.3,17371.3,17257.5,17214.6,17393.2,17571.7,17637.7,17676.9,17782.9,17998.9,18215,18332.7,18445.7,18461.5,18392.5,18324.5,18263.2,18202,18182.9,18181.1,18212.3,18318.6,18424.9,18660.1,18908.5,18969.3,18851.5,18743.9,18708.4,18672.8,18651.2,18634.5,18651.1,18726.5,18801.9,19124.1,19449.2,19621.6,19700.8,19807.2,19992.1,20177,20310.8,20438.9,20588.1,20754.5,20902.7,20979.2,21055.8,21201.1,21357.4,21454.2,21497.5,21557.8,21687.8,21817.8,21756.8,21667.5,21757.5,21993.2,22190.6,22265.5,22340.4,22543.5,22756.2,22835.9,22836.5,22819.5,22767.1,22722.6,22876.9,23031.3,22883.9,22637.2,22456.1,22348.6,22231.4,22075.2,21919,21995,22088.9,22292.9,22552.3,22726,22775,22828.3,22905.1,22981.9,22909.1,22821.5,22674.5,22498.1,22471.6,22640.4,22737.2,22555.3,22373.4,22466.6,22564.8,22501.5,22388.4,22145.6,21798.2,21482.1,21224.5,20958.4,20642.9,20327.4,20297.3,20280.9,20299.1,20327.9,20463.9,20676.1,20841.5,20939.2,21022,21056.9,21098.4,21221.5,21344.6,21177,20983.1,20956.4,20981.2,20931.3,20835.2,20831.9,20929.9,20881.4,20554.1,20266.6,20123.3,19986.4,19911.6,19836.7,19840.2,19845.4,19896.6,19954.7,19915.4,19846.3,19702.2,19521,19593.7,19852.6,19776.2,19353.3,19155.5,19277.7,19424.8,19620.2,19742.4,19670,19599.6,19536.6,19479.4,19453.6,19425.5,19378.9,19308.5,18918.2,18533,18293.8,18055.6,18054.6,18053.6,17857.3,17657.2,17684.5,17720.2,17554.3,17378.7,17450.2,17534.8,17520.9,17501.9,17464.4,17426.1,17569.1,17717,17688.6,17654.8,17419,17194.2,17153,17089.8,16818.8,16593.1,16639.5,16647.1,16494.1,16405.2,16504.3,16534.5,16417.3,16305.6,16202.3,16185.2,16265.8,16307.4,16317.6,16193.4,15994.9,15856,15737.9,15781.3,15854.5,15952.3,16069.1,16421.2,16735.8,16893.7,17101.5,17414.4,17639.3,17759.9,18055.9,18469.3,18772,19037.5,19265.6,19502.9,19935.2,20298.4,20430.7,20430,20233.3,19898.9,19466.5,18999,18521.1,18257.3,17956.6,17425.9,17054.2,16954.6,16552.6,15932.4,15999.8,16241,16530.2,16767.9,16854.9,17104.7,17521.9,17902.1,18269.2,18840.2,19374.9,19789.4,20193.8,20588.6,21025.2,21458.3,21607,21852.6,22291.3,22581.6,22781.7,22964.8,23211.7,23693.3,23849,23709.9,23679.9,23756.3,24286.9,24339.8,23884.4,23356.6,22798.1,22160.8,21374.4,20439,19294.2,18206.1,17470.8,16665.5,15807.8,16018.8,16348.3,16791.5,17930.9,19344.9,20522.2,21645.7,22711.7,23150,23521,23929,24041.4,24054.5,24248.3,24219,24005.5,23665.6,23622.8,24001,24391.4,24541.5,24148.4,23772.1,23416.8,23115.5,22848.5,22619.3,22504.6,22129.4,21651,21447.8,21348.3,21320.3,21353.3,21433.2,21504.4,21319.3,21226.7,21225.8,21432.4,21258.9,20984.6,20967.4,20937,20855.7,20665,19851.5,19201.7,18962.1,18364.8,17723.2,17033.4,16148,15659.9,15476.3,15619.3,15698.3,15723.3,15702.5,15910.9,16491.9,17103.6,17173.1,17402,17311.3,16990.1,17813.4,18315.6,18558.1,18559.2,18752.7,18820.3,19101.3,19995.2,20858.1,21068.5,20949,20957.3,20231,20339.9,20578.8,20097.6,19854.9,19260.3,18693.9,18418.2,18328.4
1154.8,1294.7,1467.8,1640.9,2001.1,2430,2850.7,3144.9,3439.2,3718.1,3973.5,4228.9,4412.5,4569.3,4716,4724.9,4733.8,4778.4,4874,4969.5,5081,5197.6,5308.3,5371.3,5434.2,5501,5572.2,5643.4,5600.6,5532.6,5465.1,5399.6,5334.2,5294.7,5277,5259.2,5187.3,5110.2,5038.8,4981.3,4923.9,4854.9,4780.1,4713.3,4835.8,4958.2,5019.9,4999.3,4978.7,5082.8,5215.8,5339.6,5427.3,5515,5741.3,6060.5,6379.7,6951.6,7524.2,8093.7,8658.6,9223.6,9465,9629.4,9775.5,9856.3,9937.1,10243.1,10678.8,11073.6,10745.3,10417,10443.1,10857.4,11271.7,11266.3,11216.8,11199.7,11246.6,11293.5,11346.6,11401.6,11416.9,11285.7,11154.5,11172.2,11267.5,11325.8,11074.2,10822.6,10829.4,11039.4,11252.6,11647.6,12042.7,12338.7,12527,12715.3,12799.3,12877.4,13044.4,13335.9,13627.3,13745.3,13842.2,14059.4,14479.8,14900.2,14952.9,14943.7,15038.4,15330.7,15623,15676.1,15683.1,15701.8,15743.5,15785.2,15876.8,15977.9,16104.9,16281,16457.1,16425.1,16358.7,16313.2,16302.4,16291.6,16229.8,16162.1,16242.8,16526,16809.3,16945.4,17074.5,17231.2,17416.7,17599.6,17701.4,17803.3,17654.4,17321.1,17024.2,16978.4,16932.5,16745.6,16493,16335.1,16473.3,16611.4,16708.9,16796.6,16927.4,17129,17330.6,17360.4,17381.9,17452.4,17565.6,17657.8,17593.9,17530,17434.6,17326.5,17301.1,17463.7,17626.3,17765.2,17901.7,17976.3,17992,17998.2,17937.4,17876.6,17830,17788.4,17803.3,17917.8,18032.3,18309.9,18589.3,18759.2,18862.1,18975.4,19118.7,19262,19495.5,19738.9,19846.1,19841.4,19863.5,19991,20118.4,20264.6,20413.9,20530.9,20618.9,20690.8,20696.5,20702.3,20748.3,20800.3,20853,20906.2,20986,21151.2,21316.5,21428.1,21535.7,21543.4,21491.8,21497.6,21620.3,21732.4,21582.2,21431.9,21363.5,21322,21254.6,21158.3,21103,21214.4,21325.8,21113.2,20875.7,20977.3,21249.9,21435.7,21495.2,21547.5,21560.3,21573.2,21586.6,21600,21622.7,21650.1,21666.3,21668,21667.6,21659.2,21650.9,21495.4,21337.2,21272.1,21235.7,20969.7,20518.6,20152.6,19946.4,19749.1,19603.8,19458.5,19440.3,19428.2,19479.5,19550.1,19581.8,19585.9,19616.2,19684.7,19784.3,19983,20167.5,20176.6,20185.7,20155.7,20122.2,20001.2,19853.3,19838.3,19905.3,19846.1,19649.2,19448.7,19241.4,19094.9,19168.6,19232.5,19204.2,19175.9,19071.8,18965.9,18905,18850.8,18815,18784.8,18837.1,18930.3,18903.2,18788.1,18669.2,18546.5,18455.2,18408.6,18459.6,18699.9,18837.8,18703.2,18614.7,18695.8,18708.1,18356.1,18035.3,17965.5,17890.8,17749.2,17608.8,17507,17405,17260.2,17115.5,17022.4,16930.3,16816.2,16701.2,16572.2,16442.5,16562,16694.7,16595.3,16484,16455,16429.4,16615,16806.1,16721.2,16633.8,16491.1,16354.4,16317.8,16262.7,16034.4,15844.5,15885.6,15897.5,15789.2,15706.3,15698.2,15658.9,15552.8,15482.2,15467,15407.2,15297.1,15155.1,14987.3,14928.6,14930.2,14893.6,14843.7,14711.6,14564.3,14785.1,15015.7,15142.6,15323.5,15729.3,16117.8,16470.2,16748,16937.7,17129.1,17321.8,17586.1,17874.7,18176.4,18481.3,18812.2,19050.4,18979.4,18940,18947.2,18831.5,18628.3,18291.1,17914,17432.6,16942.4,16426.4,15990.5,15691.5,15479.9,15331.4,15280.1,15262.3,15615,15886.3,15920.3,16104.8,16444.3,16908.4,17416.9,17801.3,18274,19025.7,19484.5,19658.1,20078.8,20574.1,21129.1,21452.8,21314.6,21322.1,21418,21937.9,22331.3,22132.5,22270.5,22713.3,22671,22599.6,22869.3,22947.8,22822.8,22576.9,22222.8,21428.8,20526.6,19516.5,18117.8,16828.5,16209.6,15714.6,15312.1,15288.5,15501.5,16171.3,17357.5,18698,19357.3,20182.9,21186,21410.3,21710.3,22444.6,22465.1,22229.1,22310.6,22619.2,23115.3,23049.4,22892.8,22625.8,22666.9,22639.5,22344.7,22431.7,22503.1,22112.5,21916.3,21769.7,21436.9,21321,21290.8,21029.2,20726.7,20414.4,20218.1,20201.1,20289.2,20342.6,20227.9,20005.4,19710.4,19581.4,19476.7,19189.3,19449.4,19635.6,19234.3,18782.4,18178.1,17360.6,16686.1,16159.4,15743.9,15178,15106.3,15175.1,14960,14737.5,14794.6,15202.9,15327.7,15449.8,15623.4,15957.3,16129.7,16266.6,16473.3,17340.7,17602.1,17758.9,18095.4,18139.3,18207.6,18484,19191.3,19099.7,19385,20002.9,20847.7,20051.9,19224.5,18604.6,18402.6,19546.3,18756,17739,17641.8,17663.3
1162.9,1343.2,1582.8,1822.5,2066.4,2311.9,2564.2,2920.6,3277,3570.1,3765.6,3961.1,4084.4,4180.9,4276.4,4358.9,4441.4,4510.3,4559.6,4609,4715.2,4839.5,4962.8,5077.4,5191.9,5289.9,5368.7,5447.5,5425.6,5381.5,5332.1,5258.5,5184.9,5094.4,4989.6,4884.9,4834.7,4789.6,4745,4701.7,4658.4,4615.4,4572.6,4532.3,4551.3,4570.2,4654.5,4827.3,5000.1,5058.3,5089.9,5140.4,5265.5,5390.6,5613.1,5901,6188.9,6699.4,7210.6,7743.8,8310.1,8876.4,9139.6,9330.7,9484.8,9507.1,9529.3,9801.7,10218.4,10597.5,10313.9,10030.4,10007.2,10269.4,10531.5,10566.9,10578.3,10604.7,10660.6,10716.4,10788.4,10865.1,10894.8,10751,10607.1,10607.5,10683,10732.4,10562.9,10393.4,10378.5,10485.3,10595.8,10918.2,11240.7,11499.8,11690,11880.2,12136.8,12397.3,12624,12803.6,12983.1,13066.6,13138.6,13330.1,13723.9,14117.8,14263,14366.4,14484.3,14629.6,14775,14792.7,14785.8,14825.1,14955.3,15085.5,15158.6,15220.8,15330.4,15529.6,15728.7,15730.5,15699.8,15642.5,15541,15439.5,15532.6,15648.1,15739.7,15798.9,15858,16005.7,16157.7,16253.2,16290,16331.1,16511.7,16692.3,16698.9,16577.5,16452.2,16300.8,16149.3,15975.5,15791.1,15657.5,15682.4,15707.2,15790.9,15888.6,16039.5,16277.7,16515.9,16576,16627.3,16586.6,16465.6,16363.2,16397.7,16432.3,16494.2,16567.1,16633.7,16685.6,16737.6,16894.4,17062.1,17103.4,17024.4,16950.3,16910.3,16870.4,16893.7,16939.2,17061.6,17319.7,17577.9,17652.5,17725,17824.6,17940.8,18087.9,18324,18560.1,18602.6,18623.9,18709.2,18847.2,18985,19122.4,19259.7,19372.6,19481.5,19549.1,19579.5,19624.1,19727.4,19830.6,19780.5,19707.7,19840.1,20139.1,20339.5,20224.6,20109.6,20312.1,20538.6,20662.8,20726.1,20752.9,20705.4,20661,20693.2,20725.5,20610.3,20446.5,20350.6,20330.8,20292.4,20178.8,20065.3,20144.2,20238.1,20280.3,20296.5,20289,20246.7,20230.3,20354.5,20478.7,20511,20534.2,20492.4,20418.4,20415.7,20506.1,20582.4,20604.4,20626.3,20485.9,20342.5,20211.7,20084.7,19868,19579.2,19307.3,19067.1,18841.7,18701.2,18560.7,18525.5,18495.3,18436.1,18368.2,18437.8,18605,18732.6,18803.1,18898.4,19073.1,19232.1,19196.7,19161.2,19139,19118,19111.8,19110.3,19062.3,18985.8,18788.7,18460.2,18242.2,18234.8,18233.9,18256.5,18281.8,18332.8,18383.7,18231.1,18074.1,18067.5,18083.4,17968.1,17812.7,17795.2,17846.3,17791.3,17658.4,17570,17527.4,17488.5,17454.9,17472.6,17590.2,17683,17710,17739.9,17780.8,17774.7,17519.5,17272.3,17089.5,16908.4,16750,16597.6,16618.6,16638.7,16430.6,16222.6,16018.9,15815.4,15831.5,15855.8,15781,15701.3,15850.3,16011.5,15951.4,15880,15794.1,15707.6,15788.5,15873.6,15889.1,15899.9,15721.2,15554.1,15580.2,15581.4,15348.1,15128.2,14989.3,14885.1,14924.4,14906.5,14720.2,14602.8,14632.3,14646.6,14637.2,14622.1,14600.3,14520.6,14394,14231.5,14049.1,14117.6,14273.7,14153.3,13982,14187.7,14409.1,14600.6,14836.4,15257.9,15588.2,15727,15941.7,16246.3,16468.5,16635.7,16802,16968,17412.3,17850,17743.4,17709.3,17917.1,18136.2,18372.1,18387.3,18245.6,17845.2,17367.9,16873.9,16395.3,15999.7,15603.1,15205,14937.2,14763.5,14716.4,14706.7,14920.5,15143.2,15392.1,15602.8,15774.3,15948.1,16122.6,16612.7,17177,17958.7,18424.6,18583.1,18939.2,19360,19920.7,20352,20525.2,20729.9,20953.8,21174.3,21386.5,21569.9,21783.3,22023.8,22010,21960.8,21983.9,21918.8,21759.8,21575.5,21290,20485.4,19666.9,18834.4,17700.7,16576,15684.4,15139.4,14853.2,14688,14829.2,15610.6,16658.2,17802.8,18775.9,19684.5,20524.1,20978,21272.5,21302,21839.7,22473.4,22260.7,22281.3,22494.5,22418.9,22314.6,22178.7,22111.7,21964.7,21612.4,21451.9,21299.7,20971.5,20685.7,20525.4,20904.8,20768.1,20356,20011,19853.5,19805.2,19713,19341.6,18870,18886.6,18941.2,19021.8,19128.2,19218.4,19162.7,18613,18652.8,18653.3,18116,18054.5,17946,17640.1,17077.9,16411.9,15682.2,15137.9,14844.8,14677.3,14522.8,14518.6,14608.3,14775.9,14740.9,14694.4,14713,14948,15529.6,15885.9,16013.1,16725.1,17266.6,17384.9,16911.6,17434.4,17762,17908,17874.3,18655,18938.2,18728.8,18081.3,18148.2,18329.9,18512.9,18588.6,18139.1,17702.6,17136.6,16412.6,16125.8
1185.9,1425.8,1694.1,1962.3,2168.1,2350.8,2539.4,2817.2,3095.1,3388.4,3705.3,4022.3,4189.2,4300.3,4406.6,4448.4,4490.1,4578.4,4733.3,4888.1,4935.5,4948.6,4984.3,5204.8,5425.3,5516.1,5455.9,5395.7,5350.7,5309.1,5255.2,5145.2,5035.2,5028.7,5108.5,5188.3,5109.1,5014.8,4921.9,4832.6,4743.3,4688.8,4652.3,4617.1,4614,4611,4636.6,4701.1,4765.6,4877.1,4999.4,5126.7,5273.4,5420.1,5643.3,5918,6192.7,6697.9,7203.8,7737.5,8312.9,8888.3,9165.9,9372.7,9539.3,9562.6,9585.9,9864.8,10291,10677.2,10357.7,10038.1,10007.4,10293.3,10579.1,10637.8,10672.7,10718.9,10787.6,10856.2,10978.2,11116,11189.3,11025.1,10860.8,10775.5,10731.2,10678,10548.9,10419.7,10411.5,10498.3,10590.5,10988.2,11385.9,11685.4,11878,12070.6,12216,12358.7,12512.9,12683.1,12853.3,13042.3,13233.5,13474.6,13799.9,14125.2,14339.1,14534.3,14718,14880.1,15042.1,15072.2,15076.8,15082.3,15089.5,15096.8,15174.3,15265.2,15383.3,15552.8,15722.3,15584.8,15396.7,15318.1,15421.7,15525.3,15632.5,15740.1,15867.4,16021.7,16176.1,16319.5,16462.5,16535.6,16535.9,16539,16625.7,16712.4,16674.7,16545.5,16405.6,16191.9,15978.2,15792.6,15620.1,15535.2,15723.5,15911.8,15963.6,15983,16079.1,16301.4,16523.7,16625,16720.5,16764.2,16762.8,16764.1,16785.5,16806.9,16763.7,16694.2,16686.8,16820.5,16954.1,17064.2,17171.8,17263.9,17341.1,17377.8,17126.9,16876,16856.7,16918.7,17007.2,17142.6,17277.9,17558.7,17841.2,17997,18075.6,18186.9,18392.3,18597.8,18852.6,19112.8,19173.5,19070.4,19041.4,19303.2,19565,19607.2,19614.1,19674.9,19784.3,19890.7,19984.4,20078.2,20128.5,20172.4,20181.2,20161.5,20182.3,20332.7,20483,20582,20677.1,20793.4,20922.2,20983.6,20908.2,20837,20871.8,20906.6,20714.6,20448.1,20353.4,20451,20494.3,20317.3,20140.3,20272,20427.5,20495,20518.1,20549.1,20591.6,20642.1,20736.4,20830.6,20796,20748.5,20674.4,20587.2,20580.6,20679.2,20747.5,20698.7,20649.9,20539.9,20428.7,20463.6,20543.5,20316.7,19842.6,19522.3,19490.2,19413.9,19084.2,18754.5,18709.4,18677.8,18665.2,18658.4,18782.1,18998.4,19126.1,19125.8,19184.9,19433.9,19652.2,19489.3,19326.5,19427.8,19553.2,19400.1,19161.3,19078,19090.5,18952.1,18649.3,18491.3,18609.2,18689.5,18633.9,18569.6,18421.5,18273.5,18196.8,18121.7,18183.1,18265.1,18206.5,18105,18002.4,17899.3,17826.1,17774.8,17731.2,17695.6,17650.3,17591.1,17579.1,17658.3,17779.5,18011.9,18194,18190.3,18142.4,17860.4,17598.8,17501.4,17399.2,17233.2,17069,16958.5,16847.7,16639.3,16431,16290.4,16151.1,16024.3,15898,16033.2,16181.2,16073.5,15952.2,15853.3,15755.5,15858.7,15970.4,16074.7,16178.8,16246.3,16304.4,15959.3,15635.7,15671.6,15683.1,15464.9,15268.6,15203.9,15143,15098.2,15010.4,14796.1,14661.3,14695.9,14699.3,14654.3,14657.1,14714.1,14680.1,14572.5,14436.2,14284,14222.7,14193.1,14249,14320.6,14263.6,14242.2,14768.7,15210,15295.6,15441.4,15714.1,15938,16104.2,16419,16833.1,17014,17116.2,17367.2,17624.1,17728.9,17873.7,18151.9,18336.2,18382.2,18314.6,18166.4,17821.9,17419.1,16977.9,16524.3,16014.5,15675.1,15627.4,15391.7,15020.5,14896.4,14838.3,14942.5,15110.8,15466.4,15770,16020.1,16335.1,16673.2,17088.1,17522,18012.1,18605.3,19298.7,19455.2,19480,19927.2,20287.1,20472.7,20666.2,20864.6,21325.1,21685.9,21603.3,21794.5,22233.5,22376.1,22435.6,22356.9,22176.3,21887.3,21417,20928.7,20562.8,19879.4,18879.3,17586.3,16391.4,15761.4,15181.8,14640.1,14702.7,14981.9,15645.8,16574.8,17609.8,18570.7,19456.4,20261.8,20816.4,21302.9,21703.7,22185.2,22601.4,22306.3,22053.2,21834.8,22206.4,22429.4,22425.8,22297.3,22173.4,22105.6,21650.7,21163.7,20979.4,20785.2,20641.5,20775.5,20548.6,20169.3,20107.8,19802.8,19433,19702.3,19660.4,19448.3,19381.7,19268.1,19136,19044.7,19266.2,19356.4,18470.6,18541.9,18621.4,17996.3,17802.7,17404.2,16585.5,16158.3,15498.3,14745.6,15192.2,14817.4,14242,14233.6,14272.7,14486.1,14890.5,14691.4,15168.7,15843.6,15962.1,15908.8,15986.1,16248,16640.2,16834.9,16966.4,17106.1,17050.6,17338.4,18001.6,19104.2,18858,18957.2,19073.3,18683.3,19071.6,18582.3,17806.9,17485.5,17722.7,17706,17152.4,16086.9,16309
1253.6,1463,1615.9,1768.9,2034.2,2340.7,2649.5,2994.1,3338.6,3637.1,3864.4,4091.7,4296.8,4493.7,4682.5,4761,4839.6,4902.1,4941.7,4981.3,5046.5,5119.7,5200.6,5344.1,5487.6,5560.3,5550.3,5540.4,5505.2,5464.4,5412.1,5307.1,5202.2,5145.4,5129,5112.5,5067.5,5019.8,4954.7,4846,4737.3,4717.6,4743.4,4765.9,4711.8,4657.7,4686.4,4827.2,4968,5070.6,5164.4,5256.8,5344,5431.2,5668.5,6006.5,6344.5,6823.1,7302.2,7787.2,8281.1,8775.1,9086.2,9353.9,9589.1,9708.5,9827.8,10156,10604.7,11005.1,10553.6,10102.1,10067.8,10490.8,10913.8,10960.5,10967.7,10963.2,10936,10908.8,10983.3,11087.8,11135.6,10974.3,10812.9,10824.5,10926,10990.5,10743.9,10497.3,10458,10581.7,10709.1,11044.1,11379.1,11681.9,11949.4,12217,12359.6,12495,12679.3,12932,13184.7,13372.3,13552,13776.4,14076.4,14376.3,14482.3,14555.6,14676.4,14887.7,15098.9,15127.3,15120.4,15175.7,15354,15532.3,15553.2,15543.9,15616.5,15843.6,16070.8,15853.5,15562.9,15429,15556.1,15683.3,15705.2,15714.9,15799.8,15987.1,16174.5,16314.7,16452.6,16600.7,16759.4,16916.6,17022.2,17127.8,17036.2,16799.6,16568.6,16375.7,16182.9,16031,15898.2,15809.1,15856.5,15903.9,16066.3,16256,16430.1,16578.6,16727.1,16820.7,16911.6,16867,16704.2,16563.7,16588.1,16612.5,16656.9,16709.5,16787.8,16924.7,17061.6,17181,17298.6,17313.5,17230.9,17155,17126.4,17097.8,17131.2,17186.4,17277.5,17432.1,17586.7,17692.4,17797.6,17937.5,18098.5,18246.4,18356.9,18467.4,18649,18838.4,18966.9,19045.5,19138.6,19288.8,19439,19617.3,19800.1,19914.6,19967.6,20022.5,20085.8,20149,19993.2,19805,19811.9,19977.4,20142.3,20305.4,20468.6,20440.2,20397.3,20471.5,20615.4,20748.6,20859.9,20966.5,20952.8,20939.2,20799.5,20618.4,20491.6,20425.5,20359.9,20296.4,20232.9,20292.1,20360.7,20473.2,20607.8,20711.4,20770,20789.5,20596.7,20403.9,20502.6,20630.4,20560,20391.3,20392,20613.5,20772.7,20690.7,20608.6,20519,20429.3,20280.7,20114.1,19963.1,19824.9,19630.8,19332.1,19061.1,18949.5,18838,18756.4,18676.3,18648.3,18636.3,18745.7,18941.5,19065.8,19086.7,19106.2,19121.6,19136.5,19144.7,19152.8,19224.1,19301.1,19178.1,18993.5,18883.4,18819.3,18744.3,18657.6,18602.9,18609,18587.5,18466.5,18352.1,18300.6,18249.2,18260.5,18273.2,18147.5,18001,17924.2,17868.8,17814,17759.7,17740.9,17748.1,17722.7,17663.4,17532.2,17298.7,17260.5,17601.4,17853.9,17871.4,17880.6,17859.1,17837.4,17814.3,17774,17594.4,17416.1,17253.8,17093.9,17000.8,16907.4,16744.2,16581,16296.3,16009.3,15989.9,15980.4,15947.7,15913.8,15846.3,15777.1,15871.8,15974.8,15978.7,15978.4,16022.4,16067.6,15974.6,15879.6,15725.6,15582.6,15624.6,15644.7,15458.4,15281.1,15158.1,15058.8,15057.2,15021.7,14886.3,14833.8,14958.3,14996.6,14900.5,14824.9,14772.4,14677.9,14549.7,14438.2,14336,14375.6,14464.7,14280,14044.8,14296.9,14572.8,14855.9,15129.3,15361.7,15561,15690.7,15819,15945.5,16154.6,16418.7,16860.1,17361.3,17558,17723.3,17911.6,18103,18304.3,18422.2,18417.2,18275,18035.3,17649.9,17221.2,16805.2,16378.8,15896.8,15485.7,15195.9,14910.2,14627.3,14496.1,14413.9,14773.2,15072.7,15198,15300.7,15380.1,15842.6,16441.8,16950.6,17443.2,17888.9,18431.5,19068.4,19407.8,19678.1,20253.5,20542.3,20259.1,20477.4,21000.2,21257.7,21516.4,21866,22086.3,22189.7,21937.8,21734.4,22151.9,22203.9,21866.9,21636,21356.6,20685.6,19773.5,18620.9,17741,16895.2,15998.8,15219.6,14527.9,14509,14835.9,15815.1,16848.1,17898,18884.2,19717.6,20387.8,20710.4,21142,21950.7,22391.2,22582.1,22096.9,21934.3,22038.3,22448.3,22617.1,22437.7,22274.8,22084.6,21827.1,21605.6,21415.4,21294.6,20972.2,20642.1,20726.7,20275.2,19650.3,19856.1,19686.2,19362.4,19618.1,19624.2,19540,19889,19519.5,18969.4,19562.6,19510.3,19213.1,19089.2,19005.4,18862.4,18550,17984.7,17344.2,16659.7,16360.4,16012.2,15584.4,14954.3,14460.7,14253.4,14684,14153.8,14085.8,14817.9,14906.1,15399.9,15826.5,15357.8,15456.6,15948,16667.8,16600.7,16929,17236.2,17272.5,17232.4,17543.4,18192.8,19191.3,19001.8,18765.8,18872.6,19806.1,19085,18804,18492.4,17557,17895,17395.5,16823.5,16706.6,16806.1
1114.2,1249.4,1448.9,1648.3,1934.9,2253.4,2572,2891.8,3211.6,3464.1,3612.7,3761.3,3867.2,3957.3,4047.7,4142.1,4236.5,4347.6,4482.6,4617.5,4713.7,4797.5,4885,5003.5,5122,5187.4,5190.9,5194.3,5159.1,5115.2,5060,4952.7,4845.4,4798.8,4803,4807.2,4721.6,4627.5,4549,4509.4,4469.8,4426.6,4381.6,4339.1,4356.3,4373.5,4416.3,4493.8,4571.3,4640,4706.6,4794.3,4964.4,5134.4,5362.5,5629.4,5896.3,6411.9,6928.2,7465,8032.4,8599.9,8811,8937.4,9043.8,9079.4,9114.9,9420.6,9882,10299.3,9939.6,9579.9,9537.1,9841.8,10146.5,10201.9,10231,10269.9,10328.1,10386.2,10384.7,10365.7,10325.2,10205.4,10085.6,10086.7,10150.8,10185.3,9972.1,9758.9,9751.9,9907.2,10064.6,10335.5,10606.3,10877.1,11147.7,11418.4,11682.5,11946.2,12145.9,12255.8,12365.7,12544.3,12731.2,12962.7,13269.8,13576.9,13619.4,13617.5,13704.6,13961,14217.4,14356.3,14472.7,14558.7,14585,14611.4,14637.8,14664.2,14735.6,14892.1,15048.6,14994.1,14904.8,14845.7,14836.8,14827.9,14850.3,14876.3,14938.2,15048.9,15159.6,15309.3,15460.9,15610.2,15757.2,15903.6,16028.6,16153.5,16093.3,15896.8,15700.2,15502.3,15304.4,15151,15018.4,14955.6,15110.9,15266.2,15310.1,15327.5,15441.3,15713.8,15986.3,16005,16011.3,15989,15942,15893.9,15839.2,15784.5,15884,16046.5,16145.3,16099.4,16053.6,16176.4,16316.8,16385.2,16385.3,16376.5,16304.8,16233,16300.6,16417,16547.8,16704.1,16860.3,17025.2,17190.2,17279.6,17322.8,17400,17574.8,17749.7,18006.1,18271.4,18352.1,18281.5,18268.3,18481.2,18694.1,18858,19014.1,19084.9,19079.1,19079.4,19104.7,19130,19130.1,19126.5,19210.8,19366.7,19492.5,19521.9,19551.3,19639.7,19732.5,19818.9,19901.5,19959.5,19967.6,19977.6,20039.2,20100.7,20001.8,19850.1,19743.9,19688.4,19645.4,19652.7,19660,19661.9,19663.3,19687.3,19722.5,19794.3,19919.1,20001.3,19852.1,19702.9,19679.4,19668.4,19691.2,19730.8,19819.7,19973,20078.9,20000.7,19922.6,19847,19771.4,19669.5,19559.5,19354.1,19071.8,18795.6,18531,18296.6,18235.3,18174,18010.5,17842,17780.6,17751.7,17866.7,18083.9,18252.4,18350.8,18424.2,18418.4,18417.6,18480.1,18542.6,18583.9,18623.3,18546.9,18434.9,18405.2,18426.5,18313.9,18055.4,17914,17995.4,18023.5,17858.1,17704.7,17666.2,17627.7,17494.7,17359.7,17368.8,17399.6,17332.3,17235.1,17192,17175.9,17153.1,17125.4,17101.6,17081.9,17003.6,16842.1,16794.2,16966.5,17074.9,17013.8,16972.7,17005.7,17028.3,16995.5,16949.1,16793.5,16630.4,16366,16106.8,15996.8,15886.7,15770,15653.3,15542.5,15431.7,15407.5,15386.5,15116.6,14834.6,14902.1,14988.2,15153.2,15322.2,15332,15335.2,15242.5,15147.3,15251.9,15353.2,15268.5,15183.2,15086.5,14976.1,14736.9,14538.5,14585.9,14582.9,14371.2,14208.9,14191.5,14188.9,14218,14256.5,14309.5,14279.8,14156.2,14056.1,13975,13927.5,13898.6,13918.7,13956,13796.4,13600.6,13727.2,13869.6,14017,14192.5,14484.6,14758.9,14996,15227.4,15452.2,15749.4,16095.1,16425.4,16750.5,16921.1,17080.1,17316,17513.4,17582.3,17663,17761,17701.9,17531.1,17099.4,16590.2,16037.8,15505.3,15083.4,14737.8,14522.8,14360.1,14235,14227.1,14256.7,14609.6,14921.1,15112.2,15301.1,15487.8,15829.7,16227.1,16805.6,17334.5,17702.5,18056.7,18397.6,18897.8,19413.7,19373.4,19499.2,19956.7,20318.4,20621.9,20773.3,20931.7,21165.1,21221.8,21118.4,21375.2,21619.6,21430.1,21267.4,21133.2,20970.7,20721.4,20034.6,19293.3,18497.6,17130.6,15859.8,15330.5,14889,14513.2,14616.7,14830.1,15216,16124.2,17223.8,17996.3,18629,19112.3,20072.7,20857.7,21062.1,21084.6,21081.4,21443.3,21727.5,21947.4,22069.9,21888.9,21284.4,21329,21426.7,21405,21123.3,20749,20333.3,20069.5,19904.1,19893.8,19923,19927.7,19619.7,19442,19409.6,19872.9,19617,19017.3,19091.3,19110.3,19086,18997.2,18645.8,18405.5,18988,18745.3,18185.7,17507.2,17312.2,16931.5,16144.8,15431.2,14983,14745,14274.3,13919.4,13647.9,13456,13575.8,14019.2,14771.4,14608.5,14705.3,14965.3,15275.9,15138,15296.3,15844,16359.7,16312.5,16427,17142.5,17674.5,17511.7,17416.4,18256.2,18245.8,18224.8,18411.4,19068,18373.3,17912.9,17799.6,18072,17091.9,16765.3,16718.5,16681.8,16715.2
1019.9,1229.7,1545,1860.3,2087.3,2281.8,2482.3,2776.1,3069.9,3374.3,3695,4015.6,4147.6,4209.5,4271.7,4338.3,4404.8,4472.8,4542.7,4612.6,4705.6,4806,4905.7,5000.2,5094.7,5173.1,5232.7,5292.4,5323.4,5348.1,5351.3,5257.2,5163.1,5034.8,4877.9,4721,4746.4,4789.2,4807.4,4764.1,4720.8,4677.5,4634.2,4589.4,4509.4,4429.5,4433.2,4550.4,4667.6,4784.7,4901.6,5022,5155.6,5289.1,5510.4,5790.6,6070.8,6559.7,7049,7562.7,8112.7,8662.7,8885.7,9031,9149.5,9172.8,9196.1,9514,10001.7,10449,10181.1,9913.2,9898.6,10161.6,10424.5,10418.1,10383.3,10388.4,10472.2,10556,10560.3,10541.3,10526.8,10529.4,10532,10574.1,10636.8,10677.4,10532.2,10387,10377.8,10475.5,10576,10832.7,11089.3,11335.5,11570.2,11804.9,12006.5,12206.3,12438,12714.4,12990.8,13124.1,13240.1,13403.4,13646.5,13889.6,14024.4,14140.9,14300.5,14542.2,14783.8,14809.4,14793.2,14814.4,14909.3,15004.1,15006.7,14991.5,15069.3,15322.5,15575.8,15460.2,15283.9,15168.2,15153.7,15139.2,15231.8,15336.8,15427,15497.2,15567.4,15706.9,15849.7,16001.1,16161.3,16319.1,16398.6,16478.1,16412.3,16239.7,16067.2,15896,15724.7,15566.7,15414.7,15340.2,15507.5,15674.8,15717,15729.4,15802.7,15976.3,16149.9,16282.3,16412.7,16498.8,16546.4,16576,16472.9,16369.9,16311.6,16271.5,16291.6,16448.2,16604.9,16791.8,16982,17106.2,17167.9,17199.5,17017.4,16835.3,16859.9,16957.1,17065.2,17192.4,17319.6,17479.7,17640.1,17810.1,17985.7,18151.1,18287,18422.8,18575.6,18730.3,18863.5,18978.9,19092.8,19200.5,19308.2,19401.5,19492.4,19505.7,19448.9,19418.7,19497.5,19576.2,19768.6,19977.7,20042.7,19990.5,19987.5,20141.7,20295.9,20427.2,20556.7,20632.8,20677.3,20728.1,20792.2,20848,20697.9,20547.9,20513.1,20516.2,20453.6,20317.5,20207.7,20204.9,20202.1,20128.6,20049.6,20137.3,20309.1,20422.9,20452.5,20483,20519,20554.9,20471.9,20376.9,20398.1,20476.8,20520.5,20518.4,20524.4,20561.9,20599.5,20537.8,20474.3,20332.4,20166.4,19950.5,19694.5,19450.7,19230,19010.7,18799.2,18587.7,18581.1,18584.2,18456.8,18289.7,18513.3,19014.2,19232.1,19040.3,18953.4,19200.6,19422.2,19326.9,19231.6,19133.6,19035.4,19068.1,19141,19120.2,19041.7,18949.6,18842.9,18733.6,18619.7,18524,18494.6,18463.7,18417.3,18370.9,18217.6,18062,18046.1,18051.3,18005.8,17944.8,17819.1,17661.5,17604.4,17621.1,17606.4,17559.3,17499.7,17422.4,17437.2,17630.9,17735.7,17604.3,17523.9,17631.8,17696.7,17533.1,17378.8,17299,17220.6,17161.6,17093.9,16776,16459.3,16419.4,16379.6,16299.1,16217.9,16065.5,15910.5,15827,15746.9,15862.4,15988.3,15936.8,15876.2,15912,15951.8,15960.5,15968.3,16066.5,16158.7,15976.4,15798,15682.4,15565.2,15432.9,15299.4,15159.5,15031,14949.4,14848.4,14690.4,14589.1,14609.2,14601.2,14549.3,14566.9,14663.1,14541.8,14244.8,14243.9,14406.9,14405.1,14345.7,14386,14444.8,14516.8,14599.7,14818.5,15054.4,15361.6,15613.2,15747.8,15998.6,16387.1,16520,16482,16818.2,17280.7,17429.5,17574.8,18174.4,18597,18429,18423.1,18655.9,18497.1,18059.8,17642,17229.9,16970.1,16635.5,15887.8,15400,15356.7,15267.7,15145.8,15006.4,14871.4,15087.3,15335.8,15679.4,15863.5,15883.5,16157.7,16522.6,17152.3,17770,18339.9,18824.2,19225,19674.1,20123.3,20318.8,20539.6,20811.2,21082,21352.2,21754.6,22071.2,22036.5,22099,22249.5,22545.3,22779.7,22538.9,22383.6,22319.2,21854.1,21307.2,20803.1,19994.7,18882.5,17798.2,16782.1,16005.8,15564.2,15372.4,15159.5,15237.4,15940.5,17021.8,18211.2,18851.4,19688.4,20735.8,21136.8,21508.6,22016,22354.4,22618.2,22858.6,22695.2,22198.3,23073.5,23357.7,22769.7,22526.5,22378.2,22315.6,22228.4,21962.7,21107.7,21057.8,21287.6,21117.9,20717.5,20270.8,20372.8,20238.1,20004.9,20125.6,20289.7,20388.5,19856.8,19781.6,19896,19672.5,19530.6,19338,18832.1,19219.6,19533.6,19000,18406.5,17927,17633.5,17059.1,16349.1,15538.8,14833.3,14419.8,14240.3,14330.5,14809.4,15017.4,14821.2,15637.4,16099.8,16399.9,16812.7,16903.8,16870.5,16853.9,17623.5,17316.4,17279.5,18310.1,17893.3,17724,18116.7,19468.7,19262.6,18902.2,18879.8,19806.3,19117.7,19202.8,19281.6,18394.9,17959,17404.8,17410.7,18171.3,17331.9
1269.4,1434.2,1606.2,1778.3,2094.1,2462.6,2819.6,2996.7,3173.8,3412.7,3747.1,4081.5,4237.1,4326.2,4415.7,4509.2,4602.8,4705,4819.5,4934,5041.8,5147.4,5251,5337.8,5424.6,5485.8,5517.2,5548.6,5478.5,5386,5303.5,5266.4,5229.2,5179.6,5119.6,5059.6,4976.8,4891.8,4807.9,4726.4,4644.9,4598.8,4570.7,4541.9,4496.4,4451,4492,4650.2,4808.4,4914.7,5008.9,5099.9,5178.3,5256.6,5485.9,5816.6,6147.3,6643.3,7139.6,7669.1,8248,8826.9,9105.1,9311.7,9476.1,9490,9503.9,9823.6,10319.5,10766.2,10343,9919.8,9866.5,10218.6,10570.7,10627.5,10653.3,10692.5,10758.3,10824,10782.1,10708.5,10637,10573,10509,10510.7,10546.6,10556.3,10346.4,10136.5,10155.9,10355.6,10557.9,10911.5,11265.1,11533.6,11709.6,11885.7,12047.6,12208.8,12420.9,12704.2,12987.6,13059.5,13105.6,13238.8,13518.9,13798.9,14054.9,14306.9,14528,14690.4,14852.8,14804.2,14714.7,14719.7,14911,15102.3,15120.2,15104.8,15138.4,15264.5,15390.6,15332.5,15243.9,15203.8,15244.3,15284.8,15243.3,15192.2,15288.7,15586.4,15884.1,15908.7,15920.1,15973.3,16070,16168.6,16330,16491.5,16467.3,16306.7,16148,16002.7,15857.4,15648.2,15409.1,15267,15427.6,15588.1,15667.8,15728.3,15839.5,16034.2,16228.9,16352,16471.5,16516.4,16496.1,16471.6,16415.4,16359.3,16276.8,16183.5,16168.4,16330.8,16493.3,16594.5,16689.3,16765.3,16823.3,16858.6,16732.3,16606,16636.6,16722.3,16789.5,16824.4,16859.2,17139.3,17422.4,17579.1,17658.6,17784.7,18044.4,18304.2,18463.1,18610.9,18667.3,18648.6,18680,18908.4,19136.8,19133.4,19092.8,19163.3,19333.8,19499.9,19647.5,19795.2,19791.5,19765.5,19814.3,19923.9,20009.7,20019,20028.4,20242,20471.2,20519.7,20460.7,20470.8,20621.2,20758.9,20580.1,20401.2,20324,20280.3,20217.9,20134.6,20036.3,19876.8,19717.3,19781.2,19862.3,19892,19895.7,19928.9,20004.9,20102.7,20319.3,20535.8,20479.1,20395.1,20290.7,20176.1,20130.1,20173.3,20219.4,20276.6,20333.7,20236.5,20136.4,19953,19744,19449.1,19084.7,18813.8,18718.2,18601.3,18362.4,18123.5,18186.4,18263.7,18227.7,18157.3,18293.8,18577.3,18693.4,18567.4,18502.4,18631.9,18752.7,18766.1,18779.4,18871.3,18970.4,18884.8,18742.3,18708.9,18742.9,18711.6,18609.1,18466.2,18246.2,18065.2,18024.8,17986.2,17964.3,17942.4,17962.6,17983.6,17815.9,17619.8,17544.5,17506.1,17476,17450.1,17395.1,17318.8,17337,17452.9,17487.1,17405.4,17399.9,17542.6,17635.2,17595,17568.4,17592,17599.1,17519.2,17431.8,17284.6,17130.5,16882.3,16636.2,16447.5,16259,16125.8,15992.6,15855.1,15717.5,15696.8,15680.3,15564.1,15443.1,15420.4,15403,15309.7,15212.4,15337.4,15471.7,15642.8,15814.9,15767.4,15717.9,15632,15543.5,15412.7,15262.9,14933.6,14664.9,14761.4,14817.4,14706.7,14628.9,14647.9,14656.1,14641.3,14566.4,14397.8,14376.4,14521.9,14429.7,14145.6,14020.4,13982.9,14130.2,14341.9,14162.2,13910.3,14013.1,14138.7,14341.5,14591,15035.9,15367.5,15461.1,15671.5,16020.4,16362.1,16699,16925.3,17114.4,17368.4,17616.3,17668.4,17757.7,17970.7,18095.1,18089.1,17997.4,17844.9,17275.7,16582.8,16496.4,16360.2,15851.5,15414.4,15099.8,14878.6,14724.9,14842.3,15024.3,15070.9,15168.4,15414.4,15658.3,15899.8,16198.6,16517.8,17009.8,17528.4,18122.5,18694,19243.6,19468.8,19619.5,20120.6,20551.7,20843.1,20946.7,20936.2,21154.1,21401.8,21682.6,21882.3,22008.6,22106.3,22202.2,22317.4,22391.4,22421.7,22274.6,21946.8,20853.6,19741.6,18610.9,17631.2,16758.8,16193.6,15660.9,15152.5,14943.1,15095.1,15981.7,17000.6,18073.1,19115.1,19929.9,20501.9,21173.9,21729.9,21971,22381.4,22794.1,22712.9,22667.2,22650.8,22550.5,22473.3,22431.2,22584.7,22613.6,22290.9,21773.7,21292.3,21142.6,21189.8,21270.2,21074.2,20649,20222.2,20639.3,20341.8,19731.2,20070.5,19967.6,19658.1,19797.6,20164,20488.1,19936.1,19601.2,19426.2,19469.7,19661.4,19594.1,18807.3,17969.9,17538.4,17725,17074.4,16315.2,15519.5,15008.1,14384,14017.4,14555.1,14344,14334.3,14767.9,15355.1,15684.2,15740.7,15412.8,15669.6,15828.5,15944.1,17385.7,17652.2,17901.8,18800.5,18457.5,18252.8,18398.8,19161.6,19259.5,19149.2,18954.7,18820.7,19091.3,18822.1,18509.4,18742.8,18709.8,18129.8,17620,17443.8,16090.3
1217.7,1403.8,1617.6,1831.5,2092.6,2371.1,2652.4,2977.9,3303.5,3593.4,3828.4,4063.3,4166.8,4221.6,4271.7,4258.4,4245.1,4298.7,4447.8,4596.9,4699.5,4787.3,4880,5013.2,5146.4,5226.6,5245.2,5263.8,5244.4,5216.7,5174.2,5064.5,4954.9,4916.4,4937.3,4958.2,4884.7,4802.2,4717,4625.2,4533.3,4501.4,4500.1,4497.1,4452.9,4408.8,4438.7,4569,4699.3,4768.8,4824.1,4891.1,5003.4,5115.6,5377.2,5739,6100.8,6561.5,7022.4,7513.4,8049.1,8584.9,8915.6,9197.5,9429.1,9480.9,9532.7,9777.8,10134.2,10454.3,10133.9,9813.6,9822.4,10192.1,10561.8,10571.6,10543.5,10523,10517.3,10511.6,10581.1,10672.6,10702.2,10502.8,10303.4,10323.1,10456.9,10554.4,10347.1,10139.7,10111.6,10224.5,10340.2,10615,10889.7,11204.1,11561.7,11919.3,12120.3,12312.3,12450.8,12514.3,12577.8,12800.9,13043.4,13273.7,13483.5,13693.3,13927.5,14165.9,14373,14520.7,14668.4,14751.8,14822.9,14918,15060.6,15203.2,15224.4,15222.3,15252.2,15342.3,15432.4,15390.1,15326.1,15245,15135.5,15026.1,15088.4,15170.6,15286.9,15450,15613.1,15774.5,15935.8,16061.6,16150.6,16240.6,16361,16481.5,16418.8,16221.4,16032.7,15903.7,15774.6,15671.8,15581.1,15534,15623.4,15712.8,15773.3,15826.8,15937.3,16141.4,16345.5,16490.2,16631.9,16668.3,16612.8,16556.6,16495.5,16434.5,16416.4,16416,16437.8,16510.2,16582.6,16747.8,16922.5,17036.8,17093.5,17126.1,16987.1,16848.1,16794.9,16771.8,16809.6,16954.8,17100,17387.4,17676.4,17832.9,17908.5,18024.2,18255.3,18486.4,18581.7,18662.1,18743.3,18824.9,18897.1,18932,18966.9,19069.2,19182.4,19321.5,19484.1,19612.7,19602.1,19591.5,19746.9,19926.8,20036.8,20090,20120.1,20076.1,20032.1,20198.1,20380,20462.3,20485.3,20528.4,20611.9,20692.1,20686.8,20681.5,20592.4,20475.5,20386.5,20328.7,20258.2,20136.8,20015.5,19980.5,19952.2,20008.6,20107.7,20219.5,20349.8,20471.8,20549,20626.2,20455.5,20260.1,20293.8,20440.9,20540,20576.7,20599.5,20568.7,20537.8,20517.9,20498.1,20275.8,19991.2,19807.6,19705.3,19536.2,19241.7,18972.4,18846.9,18721.5,18537,18349.7,18371.4,18456.7,18596.7,18775.6,18922.1,19021.8,19103.1,19126,19144.4,19105.9,19067.4,19173.5,19292.7,19228.8,19108.5,18901.3,18640.3,18531.2,18587.4,18554.6,18352.4,18173.8,18081.1,17994.9,17971.7,17948.4,17951.2,17954.5,17851.6,17732.7,17658,17596.8,17650.6,17761.5,17777.3,17723.5,17601.9,17410.3,17339.1,17438.8,17530.5,17606.5,17659.8,17652.8,17650.1,17663.1,17679.6,17714.5,17716,17449.9,17187.9,16983.2,16778,16558,16338.7,16291.6,16244.4,16093.4,15940.3,15871.4,15805.7,15828.4,15855.4,15693.5,15521.7,15585.8,15661.9,15707.6,15752.1,15771.3,15789.9,15779.1,15766.3,15669.7,15573.9,15492.5,15424.6,15483.5,15496.3,15231.9,15023.6,15047.2,15055.2,15017.1,14943.7,14795,14675.1,14600.2,14617.5,14739.2,14562.3,14144.2,14042.8,14116.6,14118.8,14096,14079.3,14063.7,14294.2,14525.2,14607.4,14745.6,15117.6,15409.9,15534.7,15711.3,15949.3,16281.8,16677.6,17052.7,17420.9,17643.2,17846.6,18005.9,18136.5,18171.8,18263.1,18437,18246.7,17797.6,17507,17263.6,16814,16373.9,16022.1,15669.9,15316.9,15097.9,14975.5,15004,15073.5,15267.1,15437,15537.9,15760.7,16108.9,16390.1,16647.4,17048.7,17533.8,18272.9,18829.4,19208.1,19529.2,19834.8,20163.6,20484.6,20790,21031.8,21235.1,21734.5,22075.5,21751.1,21696.2,21885.2,22142.7,22376.4,22414.3,22354.7,22191.5,22073.5,21877.3,21201.7,20185.2,18828.5,17793.2,16867.4,16144.3,15622.7,15251.6,15216.9,15393.6,15979.2,16798.8,17743.8,18949.1,19864.9,20471.2,21230.9,21844.6,22052.8,22059.8,22036.8,22405.4,22650.9,22794.7,22776.8,22686.4,22498.9,22459.6,22364.6,22089.9,21909.4,21676.2,21159.9,20680.1,20333.8,20580.6,20323,19915,20373.6,20337.2,20016.6,19842.8,19790.2,19786.1,19604.2,19477.8,19458.4,19833.2,19703,19421.7,19420.4,19402.9,19252.3,18802.3,18298.3,17823.4,17406.3,16810.9,16185,15548.3,15005.2,14746.5,14594.5,14354,14258.5,14290.4,14466.1,15029.7,15300.2,15310.7,15034.5,15853.2,16413.6,16568.6,17191.7,17184.5,17190.8,17600.5,18502.9,18692.2,18614.2,18753.2,19053.9,19138,19176.9,19418.8,20067.1,19884.8,19361.2,19097.5,18439.1,17966.4,17659.8,17451.5,16928.9
1110,1320.4,1546.3,1772.1,1991,2207.3,2428.3,2723.4,3018.5,3251.7,3389.5,3527.2,3669.2,3812.8,3949.5,3994.5,4039.4,4087.4,4139.6,4191.8,4249.3,4308.5,4376.4,4514.8,4653.2,4791.8,4930.7,5069.5,4988.2,4858.5,4732.4,4623,4513.7,4475.2,4496,4516.8,4468.5,4413.7,4353.6,4280.1,4206.7,4145.8,4091.4,4039.4,4043.8,4048.2,4079.8,4148.4,4216.9,4285.7,4354.7,4435.7,4564.3,4692.8,4933,5248.2,5563.3,5984.2,6405.3,6849.7,7328.7,7807.8,8010.5,8147.4,8289.7,8451,8612.3,8866.8,9175,9454.3,9222.3,8990.4,9011.5,9309.9,9608.4,9599.6,9558.6,9538.8,9560.9,9583,9636,9697.9,9724.2,9618.3,9512.5,9511.6,9565.4,9598.5,9458,9317.6,9287.3,9343.6,9404.1,9706,10007.9,10271.9,10494.8,10717.7,10845,10966.7,11108.2,11277.2,11446.2,11556.6,11659.8,11858.7,12219.6,12580.5,12784.1,12961.3,13118.3,13237,13355.6,13345.9,13311.4,13319.7,13412.5,13505.3,13638.5,13779.4,13870.7,13868,13865.3,13781.3,13683.8,13644.1,13700.6,13757.1,13851.8,13951,14036.4,14103.1,14169.8,14285.9,14404.5,14551.7,14728.8,14900.9,14913.3,14925.7,14846.3,14699.6,14569.1,14550.8,14532.6,14386,14179.7,14037.8,14097.2,14156.6,14216.1,14275.6,14370.3,14523.1,14675.9,14717.9,14754.6,14776.1,14784.4,14805.3,14918.3,15031.3,15024.4,14968.6,14978.5,15137.7,15297,15341.3,15373.7,15411.1,15453.2,15477.7,15378.4,15279,15241.9,15226.7,15235,15284.7,15334.5,15507.6,15682.2,15840,15987.6,16163.8,16422,16680.1,16773.1,16848,16937.1,17037.9,17141.3,17254.9,17368.6,17471.8,17573.4,17633.5,17656.1,17685.5,17742.2,17798.8,17791.9,17775.6,17848.7,17994.5,18121.1,18186.7,18252.2,18305.2,18357.4,18443,18548.7,18623.6,18636.3,18640.3,18425.1,18209.8,18197.8,18252.7,18256.2,18202.4,18160.5,18167.5,18174.4,18123.3,18067.7,18058,18071.5,18100.2,18151,18208.6,18303.6,18398.6,18387.3,18365.3,18449.1,18585.2,18658.8,18650.8,18654.2,18702,18749.7,18524.3,18294,18180.7,18103.4,17935.8,17695.5,17427.2,17106.2,16824.1,16764.5,16704.9,16691.8,16681,16711.4,16754.3,16817.7,16895.4,16875.2,16713.3,16645.5,16878.2,17100.7,17197.7,17294.8,17275.7,17246.1,17183.5,17110.7,17011,16894.7,16844.9,16867.7,16807.2,16588,16412.1,16392.9,16364.9,16254.1,16143.3,16188.4,16236.8,16181.7,16111,16085.4,16073.5,16075.7,16084.8,16053.1,15991.6,15893.3,15756.9,15646.3,15572.5,15557.7,15657.6,15711.9,15645.4,15614.8,15716.7,15797.4,15766.4,15720.6,15556.8,15390.1,15185.2,14983.7,14878.2,14772.6,14621.6,14470.6,14450.6,14433.1,14215.1,13989.7,14107.8,14242.5,14242.9,14236.2,14318.7,14405.7,14197.9,13977.8,14027.9,14085,14066.9,14046.8,13958,13872.6,13844.3,13813.6,13759.4,13683,13472.7,13297.1,13264.5,13197.7,13030.6,12969,13132.5,13223.7,13202.2,13121,12972.1,12822.4,12672.1,12601.7,12575.5,12641.6,12740.1,12763,12772,12876,12994.4,13243,13483.9,13692.4,13930.1,14229,14436,14533.9,14713,14946.3,15287.3,15664.7,15894.5,16108,16318.6,16484.7,16502.9,16517.7,16527.5,16523.2,16509.1,15994.1,15330.4,14952.7,14574.8,14141.1,13839.1,13762.5,13571.8,13298.9,13383.7,13558.6,13747.3,13909.1,13992.9,14088,14195,14549.4,14992.3,15600.2,16131.6,16418.9,16772.3,17190.1,17536.7,17871.8,18372.2,18749.7,18882.1,18976,19046.5,19435.3,19790.4,19921,20080.7,20266.9,20264.9,20246.4,20332.6,20207.4,19857.3,19697.5,19489.3,18787.2,17821,16591.3,15797.1,15129.4,14652.5,14192.2,13744.1,13666.9,13797.8,14325.5,15427.7,16714.7,17380,18213.2,19225.8,19633.8,19918.9,20097.9,20259.7,20414.8,20574,20536.6,20336.7,20492.7,20556.9,20481.1,20527.3,20462,20101.3,20036.2,19979.1,19633.4,19456.1,19394.9,19541.6,19118.9,18460.1,18332.9,18204.2,18053.5,17741.8,17939.4,18324.8,17852.3,17873.6,18126.5,18151.9,17907.3,17610.5,17565.2,17569.2,17548.6,17433,17478.7,16987.3,15653,15010.9,14473.4,13997.5,13452.3,13109.5,12935,12965.6,13162.8,13275.9,13268.6,14010.4,14210.5,14156.3,14257,14227.1,14294.4,14528.2,15095.7,15414.1,15529.6,15462.7,16019.8,16096.8,16134.6,16628.8,17577.9,17889.2,17802.1,17681.3,18025.4,17970.8,17660,17289.7,16498.7,16286.2,16269.3,16140,15685.9